Survived,Pclass,Age,SibSp,Parch,Fare,FamilySize,IsAlone,Cabins_booked,Embarked_in_Cherbourg,Embarked_in_Queenstown,Embarked_in_Southampton,Embarked_in_Unknown,Sex_female,Sex_male,Age_Group_Child,Age_Group_Young Adult,Age_Group_Adult,Age_Group_Senior,Fare_Group_Low,Fare_Group_Mediun,Fare_Group_High,Fare_Group_Very High,Age_Class,Fare_per_person
0,3,22.0,1,0,7.25,2,0,0,0,0,1,0,0,1,0,1,0,0,1,0,0,0,66.0,3.625
1,1,38.0,1,0,71.2833,2,0,1,1,0,0,0,1,0,0,0,1,0,0,0,1,0,38.0,35.64165
1,3,26.0,0,0,7.925,1,1,0,0,0,1,0,1,0,0,1,0,0,1,0,0,0,78.0,7.925
1,1,35.0,1,0,53.1,2,0,1,0,0,1,0,1,0,0,0,1,0,0,0,1,0,35.0,26.55
0,3,35.0,0,0,8.05,1,1,0,0,0,1,0,0,1,0,0,1,0,1,0,0,0,105.0,8.05
0,3,29.69911764705882,0,0,8.4583,1,1,0,0,1,0,0,0,1,0,1,0,0,1,0,0,0,89.09735294117647,8.4583
0,1,54.0,0,0,51.8625,1,1,1,0,0,1,0,0,1,0,0,0,1,0,0,1,0,54.0,51.8625
0,3,2.0,3,1,21.075,5,0,0,0,0,1,0,0,1,1,0,0,0,0,1,0,0,6.0,4.215
1,3,27.0,0,2,11.1333,3,0,0,0,0,1,0,1,0,0,1,0,0,1,0,0,0,81.0,3.7111
1,2,14.0,1,0,30.0708,2,0,0,1,0,0,0,1,0,1,0,0,0,0,1,0,0,28.0,15.0354
1,3,4.0,1,1,16.7,3,0,1,0,0,1,0,1,0,1,0,0,0,1,0,0,0,12.0,5.566666666666666
1,1,58.0,0,0,26.55,1,1,1,0,0,1,0,1,0,0,0,0,1,0,1,0,0,58.0,26.55
0,3,20.0,0,0,8.05,1,1,0,0,0,1,0,0,1,0,1,0,0,1,0,0,0,60.0,8.05
0,3,39.0,1,5,31.275,7,0,0,0,0,1,0,0,1,0,0,1,0,0,1,0,0,117.0,4.4678571428571425
0,3,14.0,0,0,7.8542,1,1,0,0,0,1,0,1,0,1,0,0,0,1,0,0,0,42.0,7.8542
1,2,55.0,0,0,16.0,1,1,0,0,0,1,0,1,0,0,0,0,1,1,0,0,0,110.0,16.0
0,3,2.0,4,1,29.125,6,0,0,0,1,0,0,0,1,1,0,0,0,0,1,0,0,6.0,4.854166666666667
1,2,29.69911764705882,0,0,13.0,1,1,0,0,0,1,0,0,1,0,1,0,0,1,0,0,0,59.39823529411764,13.0
0,3,31.0,1,0,18.0,2,0,0,0,0,1,0,1,0,0,0,1,0,1,0,0,0,93.0,9.0
1,3,29.69911764705882,0,0,7.225,1,1,0,1,0,0,0,1,0,0,1,0,0,1,0,0,0,89.09735294117647,7.225
0,2,35.0,0,0,26.0,1,1,0,0,0,1,0,0,1,0,0,1,0,0,1,0,0,70.0,26.0
1,2,34.0,0,0,13.0,1,1,1,0,0,1,0,0,1,0,0,1,0,1,0,0,0,68.0,13.0
1,3,15.0,0,0,8.0292,1,1,0,0,1,0,0,1,0,1,0,0,0,1,0,0,0,45.0,8.0292
1,1,28.0,0,0,35.5,1,1,1,0,0,1,0,0,1,0,1,0,0,0,1,0,0,28.0,35.5
0,3,8.0,3,1,21.075,5,0,0,0,0,1,0,1,0,1,0,0,0,0,1,0,0,24.0,4.215
1,3,38.0,1,5,31.3875,7,0,0,0,0,1,0,1,0,0,0,1,0,0,1,0,0,114.0,4.483928571428572
0,3,29.69911764705882,0,0,7.225,1,1,0,1,0,0,0,0,1,0,1,0,0,1,0,0,0,89.09735294117647,7.225
0,1,19.0,3,2,263.0,6,0,3,0,0,1,0,0,1,0,1,0,0,0,0,0,1,19.0,43.833333333333336
1,3,29.69911764705882,0,0,7.8792,1,1,0,0,1,0,0,1,0,0,1,0,0,1,0,0,0,89.09735294117647,7.8792
0,3,29.69911764705882,0,0,7.8958,1,1,0,0,0,1,0,0,1,0,1,0,0,1,0,0,0,89.09735294117647,7.8958
0,1,40.0,0,0,27.7208,1,1,0,1,0,0,0,0,1,0,0,1,0,0,1,0,0,40.0,27.7208
1,1,29.69911764705882,1,0,146.5208,2,0,1,1,0,0,0,1,0,0,1,0,0,0,0,0,1,29.69911764705882,73.2604
1,3,29.69911764705882,0,0,7.75,1,1,0,0,1,0,0,1,0,0,1,0,0,1,0,0,0,89.09735294117647,7.75
0,2,66.0,0,0,10.5,1,1,0,0,0,1,0,0,1,0,0,0,1,1,0,0,0,132.0,10.5
0,1,28.0,1,0,82.1708,2,0,0,1,0,0,0,0,1,0,1,0,0,0,0,1,0,28.0,41.0854
0,1,42.0,1,0,52.0,2,0,0,0,0,1,0,0,1,0,0,1,0,0,0,1,0,42.0,26.0
1,3,29.69911764705882,0,0,7.2292,1,1,0,1,0,0,0,0,1,0,1,0,0,1,0,0,0,89.09735294117647,7.2292
0,3,21.0,0,0,8.05,1,1,0,0,0,1,0,0,1,0,1,0,0,1,0,0,0,63.0,8.05
0,3,18.0,2,0,18.0,3,0,0,0,0,1,0,1,0,0,1,0,0,1,0,0,0,54.0,6.0
1,3,14.0,1,0,11.2417,2,0,0,1,0,0,0,1,0,1,0,0,0,1,0,0,0,42.0,5.62085
0,3,40.0,1,0,9.475,2,0,0,0,0,1,0,1,0,0,0,1,0,1,0,0,0,120.0,4.7375
0,2,27.0,1,0,21.0,2,0,0,0,0,1,0,1,0,0,1,0,0,0,1,0,0,54.0,10.5
0,3,29.69911764705882,0,0,7.8958,1,1,0,1,0,0,0,0,1,0,1,0,0,1,0,0,0,89.09735294117647,7.8958
1,2,3.0,1,2,41.5792,4,0,0,1,0,0,0,1,0,1,0,0,0,0,1,0,0,6.0,10.3948
1,3,19.0,0,0,7.8792,1,1,0,0,1,0,0,1,0,0,1,0,0,1,0,0,0,57.0,7.8792
0,3,29.69911764705882,0,0,8.05,1,1,0,0,0,1,0,0,1,0,1,0,0,1,0,0,0,89.09735294117647,8.05
0,3,29.69911764705882,1,0,15.5,2,0,0,0,1,0,0,0,1,0,1,0,0,1,0,0,0,89.09735294117647,7.75
1,3,29.69911764705882,0,0,7.75,1,1,0,0,1,0,0,1,0,0,1,0,0,1,0,0,0,89.09735294117647,7.75
0,3,29.69911764705882,2,0,21.6792,3,0,0,1,0,0,0,0,1,0,1,0,0,0,1,0,0,89.09735294117647,7.226400000000001
0,3,18.0,1,0,17.8,2,0,0,0,0,1,0,1,0,0,1,0,0,1,0,0,0,54.0,8.9
0,3,7.0,4,1,39.6875,6,0,0,0,0,1,0,0,1,1,0,0,0,0,1,0,0,21.0,6.614583333333333
0,3,21.0,0,0,7.8,1,1,0,0,0,1,0,0,1,0,1,0,0,1,0,0,0,63.0,7.8
1,1,49.0,1,0,76.7292,2,0,1,1,0,0,0,1,0,0,0,1,0,0,0,1,0,49.0,38.3646
1,2,29.0,1,0,26.0,2,0,0,0,0,1,0,1,0,0,1,0,0,0,1,0,0,58.0,13.0
0,1,65.0,0,1,61.9792,2,0,1,1,0,0,0,0,1,0,0,0,1,0,0,1,0,65.0,30.9896
1,1,29.69911764705882,0,0,35.5,1,1,1,0,0,1,0,0,1,0,1,0,0,0,1,0,0,29.69911764705882,35.5
1,2,21.0,0,0,10.5,1,1,0,0,0,1,0,1,0,0,1,0,0,1,0,0,0,42.0,10.5
0,3,28.5,0,0,7.2292,1,1,0,1,0,0,0,0,1,0,1,0,0,1,0,0,0,85.5,7.2292
1,2,5.0,1,2,27.75,4,0,0,0,0,1,0,1,0,1,0,0,0,0,1,0,0,10.0,6.9375
0,3,11.0,5,2,46.9,8,0,0,0,0,1,0,0,1,1,0,0,0,0,1,0,0,33.0,5.8625
0,3,22.0,0,0,7.2292,1,1,0,1,0,0,0,0,1,0,1,0,0,1,0,0,0,66.0,7.2292
1,1,38.0,0,0,80.0,1,1,1,0,0,0,1,1,0,0,0,1,0,0,0,1,0,38.0,80.0
0,1,45.0,1,0,83.475,2,0,1,0,0,1,0,0,1,0,0,1,0,0,0,1,0,45.0,41.7375
0,3,4.0,3,2,27.9,6,0,0,0,0,1,0,0,1,1,0,0,0,0,1,0,0,12.0,4.6499999999999995
0,1,29.69911764705882,0,0,27.7208,1,1,0,1,0,0,0,0,1,0,1,0,0,0,1,0,0,29.69911764705882,27.7208
1,3,29.69911764705882,1,1,15.2458,3,0,0,1,0,0,0,0,1,0,1,0,0,1,0,0,0,89.09735294117647,5.081933333333333
1,2,29.0,0,0,10.5,1,1,1,0,0,1,0,1,0,0,1,0,0,1,0,0,0,58.0,10.5
0,3,19.0,0,0,8.1583,1,1,0,0,0,1,0,0,1,0,1,0,0,1,0,0,0,57.0,8.1583
1,3,17.0,4,2,7.925,7,0,0,0,0,1,0,1,0,1,0,0,0,1,0,0,0,51.0,1.1321428571428571
0,3,26.0,2,0,8.6625,3,0,0,0,0,1,0,0,1,0,1,0,0,1,0,0,0,78.0,2.8874999999999997
0,2,32.0,0,0,10.5,1,1,0,0,0,1,0,0,1,0,0,1,0,1,0,0,0,64.0,10.5
0,3,16.0,5,2,46.9,8,0,0,0,0,1,0,1,0,1,0,0,0,0,1,0,0,48.0,5.8625
0,2,21.0,0,0,73.5,1,1,0,0,0,1,0,0,1,0,1,0,0,0,0,1,0,42.0,73.5
0,3,26.0,1,0,14.4542,2,0,0,1,0,0,0,0,1,0,1,0,0,1,0,0,0,78.0,7.2271
1,3,32.0,0,0,56.4958,1,1,0,0,0,1,0,0,1,0,0,1,0,0,0,1,0,96.0,56.4958
0,3,25.0,0,0,7.65,1,1,2,0,0,1,0,0,1,0,1,0,0,1,0,0,0,75.0,7.65
0,3,29.69911764705882,0,0,7.8958,1,1,0,0,0,1,0,0,1,0,1,0,0,1,0,0,0,89.09735294117647,7.8958
0,3,29.69911764705882,0,0,8.05,1,1,0,0,0,1,0,0,1,0,1,0,0,1,0,0,0,89.09735294117647,8.05
1,2,0.83,0,2,29.0,3,0,0,0,0,1,0,0,1,1,0,0,0,0,1,0,0,1.66,9.666666666666666
1,3,30.0,0,0,12.475,1,1,0,0,0,1,0,1,0,0,0,1,0,1,0,0,0,90.0,12.475
0,3,22.0,0,0,9.0,1,1,0,0,0,1,0,0,1,0,1,0,0,1,0,0,0,66.0,9.0
1,3,29.0,0,0,9.5,1,1,0,0,0,1,0,0,1,0,1,0,0,1,0,0,0,87.0,9.5
1,3,29.69911764705882,0,0,7.7875,1,1,0,0,1,0,0,1,0,0,1,0,0,1,0,0,0,89.09735294117647,7.7875
0,1,28.0,0,0,47.1,1,1,0,0,0,1,0,0,1,0,1,0,0,0,1,0,0,28.0,47.1
1,2,17.0,0,0,10.5,1,1,0,0,0,1,0,1,0,1,0,0,0,1,0,0,0,34.0,10.5
1,3,33.0,3,0,15.85,4,0,0,0,0,1,0,1,0,0,0,1,0,1,0,0,0,99.0,3.9625
0,3,16.0,1,3,34.375,5,0,0,0,0,1,0,0,1,1,0,0,0,0,1,0,0,48.0,6.875
0,3,29.69911764705882,0,0,8.05,1,1,0,0,0,1,0,0,1,0,1,0,0,1,0,0,0,89.09735294117647,8.05
1,1,23.0,3,2,263.0,6,0,3,0,0,1,0,1,0,0,1,0,0,0,0,0,1,23.0,43.833333333333336
0,3,24.0,0,0,8.05,1,1,0,0,0,1,0,0,1,0,1,0,0,1,0,0,0,72.0,8.05
0,3,29.0,0,0,8.05,1,1,0,0,0,1,0,0,1,0,1,0,0,1,0,0,0,87.0,8.05
0,3,20.0,0,0,7.8542,1,1,0,0,0,1,0,0,1,0,1,0,0,1,0,0,0,60.0,7.8542
0,1,46.0,1,0,61.175,2,0,1,0,0,1,0,0,1,0,0,1,0,0,0,1,0,46.0,30.5875
0,3,26.0,1,2,20.575,4,0,0,0,0,1,0,0,1,0,1,0,0,0,1,0,0,78.0,5.14375
0,3,59.0,0,0,7.25,1,1,0,0,0,1,0,0,1,0,0,0,1,1,0,0,0,177.0,7.25
0,3,29.69911764705882,0,0,8.05,1,1,0,0,0,1,0,0,1,0,1,0,0,1,0,0,0,89.09735294117647,8.05
0,1,71.0,0,0,34.6542,1,1,1,1,0,0,0,0,1,0,0,0,1,0,1,0,0,71.0,34.6542
1,1,23.0,0,1,63.3583,2,0,2,1,0,0,0,0,1,0,1,0,0,0,0,1,0,23.0,31.67915
1,2,34.0,0,1,23.0,2,0,0,0,0,1,0,1,0,0,0,1,0,0,1,0,0,68.0,11.5
0,2,34.0,1,0,26.0,2,0,0,0,0,1,0,0,1,0,0,1,0,0,1,0,0,68.0,13.0
0,3,28.0,0,0,7.8958,1,1,0,0,0,1,0,1,0,0,1,0,0,1,0,0,0,84.0,7.8958
0,3,29.69911764705882,0,0,7.8958,1,1,0,0,0,1,0,0,1,0,1,0,0,1,0,0,0,89.09735294117647,7.8958
0,1,21.0,0,1,77.2875,2,0,1,0,0,1,0,0,1,0,1,0,0,0,0,1,0,21.0,38.64375
0,3,33.0,0,0,8.6542,1,1,0,0,0,1,0,0,1,0,0,1,0,1,0,0,0,99.0,8.6542
0,3,37.0,2,0,7.925,3,0,0,0,0,1,0,0,1,0,0,1,0,1,0,0,0,111.0,2.6416666666666666
0,3,28.0,0,0,7.8958,1,1,0,0,0,1,0,0,1,0,1,0,0,1,0,0,0,84.0,7.8958
1,3,21.0,0,0,7.65,1,1,0,0,0,1,0,1,0,0,1,0,0,1,0,0,0,63.0,7.65
1,3,29.69911764705882,0,0,7.775,1,1,0,0,0,1,0,0,1,0,1,0,0,1,0,0,0,89.09735294117647,7.775
0,3,38.0,0,0,7.8958,1,1,0,0,0,1,0,0,1,0,0,1,0,1,0,0,0,114.0,7.8958
1,3,29.69911764705882,1,0,24.15,2,0,0,0,1,0,0,1,0,0,1,0,0,0,1,0,0,89.09735294117647,12.075
0,1,47.0,0,0,52.0,1,1,1,0,0,1,0,0,1,0,0,1,0,0,0,1,0,47.0,52.0
0,3,14.5,1,0,14.4542,2,0,0,1,0,0,0,1,0,1,0,0,0,1,0,0,0,43.5,7.2271
0,3,22.0,0,0,8.05,1,1,0,0,0,1,0,0,1,0,1,0,0,1,0,0,0,66.0,8.05
0,3,20.0,1,0,9.825,2,0,0,0,0,1,0,1,0,0,1,0,0,1,0,0,0,60.0,4.9125
0,3,17.0,0,0,14.4583,1,1,0,1,0,0,0,1,0,1,0,0,0,1,0,0,0,51.0,14.4583
0,3,21.0,0,0,7.925,1,1,0,0,0,1,0,0,1,0,1,0,0,1,0,0,0,63.0,7.925
0,3,70.5,0,0,7.75,1,1,0,0,1,0,0,0,1,0,0,0,1,1,0,0,0,211.5,7.75
0,2,29.0,1,0,21.0,2,0,0,0,0,1,0,0,1,0,1,0,0,0,1,0,0,58.0,10.5
0,1,24.0,0,1,247.5208,2,0,2,1,0,0,0,0,1,0,1,0,0,0,0,0,1,24.0,123.7604
0,3,2.0,4,2,31.275,7,0,0,0,0,1,0,1,0,1,0,0,0,0,1,0,0,6.0,4.4678571428571425
0,2,21.0,2,0,73.5,3,0,0,0,0,1,0,0,1,0,1,0,0,0,0,1,0,42.0,24.5
0,3,29.69911764705882,0,0,8.05,1,1,0,0,0,1,0,0,1,0,1,0,0,1,0,0,0,89.09735294117647,8.05
0,2,32.5,1,0,30.0708,2,0,0,1,0,0,0,0,1,0,0,1,0,0,1,0,0,65.0,15.0354
1,2,32.5,0,0,13.0,1,1,1,0,0,1,0,1,0,0,0,1,0,1,0,0,0,65.0,13.0
0,1,54.0,0,1,77.2875,2,0,1,0,0,1,0,0,1,0,0,0,1,0,0,1,0,54.0,38.64375
1,3,12.0,1,0,11.2417,2,0,0,1,0,0,0,0,1,1,0,0,0,1,0,0,0,36.0,5.62085
0,3,29.69911764705882,0,0,7.75,1,1,0,0,1,0,0,0,1,0,1,0,0,1,0,0,0,89.09735294117647,7.75
1,3,24.0,0,0,7.1417,1,1,0,0,0,1,0,0,1,0,1,0,0,1,0,0,0,72.0,7.1417
1,3,29.69911764705882,1,1,22.3583,3,0,2,1,0,0,0,1,0,0,1,0,0,0,1,0,0,89.09735294117647,7.452766666666666
0,3,45.0,0,0,6.975,1,1,0,0,0,1,0,0,1,0,0,1,0,1,0,0,0,135.0,6.975
0,3,33.0,0,0,7.8958,1,1,0,1,0,0,0,0,1,0,0,1,0,1,0,0,0,99.0,7.8958
0,3,20.0,0,0,7.05,1,1,0,0,0,1,0,0,1,0,1,0,0,1,0,0,0,60.0,7.05
0,3,47.0,1,0,14.5,2,0,0,0,0,1,0,1,0,0,0,1,0,1,0,0,0,141.0,7.25
1,2,29.0,1,0,26.0,2,0,0,0,0,1,0,1,0,0,1,0,0,0,1,0,0,58.0,13.0
0,2,25.0,0,0,13.0,1,1,0,0,0,1,0,0,1,0,1,0,0,1,0,0,0,50.0,13.0
0,2,23.0,0,0,15.0458,1,1,0,1,0,0,0,0,1,0,1,0,0,1,0,0,0,46.0,15.0458
1,1,19.0,0,2,26.2833,3,0,1,0,0,1,0,1,0,0,1,0,0,0,1,0,0,19.0,8.7611
0,1,37.0,1,0,53.1,2,0,1,0,0,1,0,0,1,0,0,1,0,0,0,1,0,37.0,26.55
0,3,16.0,0,0,9.2167,1,1,0,0,0,1,0,0,1,1,0,0,0,1,0,0,0,48.0,9.2167
0,1,24.0,0,0,79.2,1,1,1,1,0,0,0,0,1,0,1,0,0,0,0,1,0,24.0,79.2
0,3,29.69911764705882,0,2,15.2458,3,0,0,1,0,0,0,1,0,0,1,0,0,1,0,0,0,89.09735294117647,5.081933333333333
1,3,22.0,0,0,7.75,1,1,0,0,0,1,0,1,0,0,1,0,0,1,0,0,0,66.0,7.75
1,3,24.0,1,0,15.85,2,0,0,0,0,1,0,1,0,0,1,0,0,1,0,0,0,72.0,7.925
0,3,19.0,0,0,6.75,1,1,0,0,1,0,0,0,1,0,1,0,0,1,0,0,0,57.0,6.75
0,2,18.0,0,0,11.5,1,1,0,0,0,1,0,0,1,0,1,0,0,1,0,0,0,36.0,11.5
0,2,19.0,1,1,36.75,3,0,0,0,0,1,0,0,1,0,1,0,0,0,1,0,0,38.0,12.25
1,3,27.0,0,0,7.7958,1,1,0,0,0,1,0,0,1,0,1,0,0,1,0,0,0,81.0,7.7958
0,3,9.0,2,2,34.375,5,0,0,0,0,1,0,1,0,1,0,0,0,0,1,0,0,27.0,6.875
0,2,36.5,0,2,26.0,3,0,1,0,0,1,0,0,1,0,0,1,0,0,1,0,0,73.0,8.666666666666666
0,2,42.0,0,0,13.0,1,1,0,0,0,1,0,0,1,0,0,1,0,1,0,0,0,84.0,13.0
0,2,51.0,0,0,12.525,1,1,0,0,0,1,0,0,1,0,0,0,1,1,0,0,0,102.0,12.525
1,1,22.0,1,0,66.6,2,0,1,0,0,1,0,1,0,0,1,0,0,0,0,1,0,22.0,33.3
0,3,55.5,0,0,8.05,1,1,0,0,0,1,0,0,1,0,0,0,1,1,0,0,0,166.5,8.05
0,3,40.5,0,2,14.5,3,0,0,0,0,1,0,0,1,0,0,1,0,1,0,0,0,121.5,4.833333333333333
0,3,29.69911764705882,0,0,7.3125,1,1,0,0,0,1,0,0,1,0,1,0,0,1,0,0,0,89.09735294117647,7.3125
0,1,51.0,0,1,61.3792,2,0,0,1,0,0,0,0,1,0,0,0,1,0,0,1,0,51.0,30.6896
1,3,16.0,0,0,7.7333,1,1,0,0,1,0,0,1,0,1,0,0,0,1,0,0,0,48.0,7.7333
0,3,30.0,0,0,8.05,1,1,0,0,0,1,0,0,1,0,0,1,0,1,0,0,0,90.0,8.05
0,3,29.69911764705882,0,0,8.6625,1,1,0,0,0,1,0,0,1,0,1,0,0,1,0,0,0,89.09735294117647,8.6625
0,3,29.69911764705882,8,2,69.55,11,0,0,0,0,1,0,0,1,0,1,0,0,0,0,1,0,89.09735294117647,6.322727272727272
0,3,44.0,0,1,16.1,2,0,0,0,0,1,0,0,1,0,0,1,0,1,0,0,0,132.0,8.05
1,2,40.0,0,0,15.75,1,1,0,0,0,1,0,1,0,0,0,1,0,1,0,0,0,80.0,15.75
0,3,26.0,0,0,7.775,1,1,0,0,0,1,0,0,1,0,1,0,0,1,0,0,0,78.0,7.775
0,3,17.0,0,0,8.6625,1,1,0,0,0,1,0,0,1,1,0,0,0,1,0,0,0,51.0,8.6625
0,3,1.0,4,1,39.6875,6,0,0,0,0,1,0,0,1,1,0,0,0,0,1,0,0,3.0,6.614583333333333
1,3,9.0,0,2,20.525,3,0,0,0,0,1,0,0,1,1,0,0,0,0,1,0,0,27.0,6.841666666666666
1,1,29.69911764705882,0,1,55.0,2,0,1,0,0,1,0,1,0,0,1,0,0,0,0,1,0,29.69911764705882,27.5
0,3,45.0,1,4,27.9,6,0,0,0,0,1,0,1,0,0,0,1,0,0,1,0,0,135.0,4.6499999999999995
0,1,29.69911764705882,0,0,25.925,1,1,0,0,0,1,0,0,1,0,1,0,0,0,1,0,0,29.69911764705882,25.925
0,3,28.0,0,0,56.4958,1,1,0,0,0,1,0,0,1,0,1,0,0,0,0,1,0,84.0,56.4958
0,1,61.0,0,0,33.5,1,1,1,0,0,1,0,0,1,0,0,0,1,0,1,0,0,61.0,33.5
0,3,4.0,4,1,29.125,6,0,0,0,1,0,0,0,1,1,0,0,0,0,1,0,0,12.0,4.854166666666667
1,3,1.0,1,1,11.1333,3,0,0,0,0,1,0,1,0,1,0,0,0,1,0,0,0,3.0,3.7111
0,3,21.0,0,0,7.925,1,1,0,0,0,1,0,0,1,0,1,0,0,1,0,0,0,63.0,7.925
0,1,56.0,0,0,30.6958,1,1,1,1,0,0,0,0,1,0,0,0,1,0,1,0,0,56.0,30.6958
0,3,18.0,1,1,7.8542,3,0,0,0,0,1,0,0,1,0,1,0,0,1,0,0,0,54.0,2.6180666666666665
0,3,29.69911764705882,3,1,25.4667,5,0,0,0,0,1,0,0,1,0,1,0,0,0,1,0,0,89.09735294117647,5.0933399999999995
0,1,50.0,0,0,28.7125,1,1,1,1,0,0,0,1,0,0,0,0,1,0,1,0,0,50.0,28.7125
0,2,30.0,0,0,13.0,1,1,0,0,0,1,0,0,1,0,0,1,0,1,0,0,0,60.0,13.0
0,3,36.0,0,0,0.0,1,1,0,0,0,1,0,0,1,0,0,1,0,1,0,0,0,108.0,0.0
0,3,29.69911764705882,8,2,69.55,11,0,0,0,0,1,0,1,0,0,1,0,0,0,0,1,0,89.09735294117647,6.322727272727272
0,2,29.69911764705882,0,0,15.05,1,1,0,1,0,0,0,0,1,0,1,0,0,1,0,0,0,59.39823529411764,15.05
0,3,9.0,4,2,31.3875,7,0,0,0,0,1,0,0,1,1,0,0,0,0,1,0,0,27.0,4.483928571428572
1,2,1.0,2,1,39.0,4,0,1,0,0,1,0,0,1,1,0,0,0,0,1,0,0,2.0,9.75
1,3,4.0,0,2,22.025,3,0,0,0,0,1,0,1,0,1,0,0,0,0,1,0,0,12.0,7.341666666666666
0,1,29.69911764705882,0,0,50.0,1,1,1,0,0,1,0,0,1,0,1,0,0,0,0,1,0,29.69911764705882,50.0
1,3,29.69911764705882,1,0,15.5,2,0,0,0,1,0,0,1,0,0,1,0,0,1,0,0,0,89.09735294117647,7.75
1,1,45.0,0,0,26.55,1,1,0,0,0,1,0,0,1,0,0,1,0,0,1,0,0,45.0,26.55
0,3,40.0,1,1,15.5,3,0,0,0,1,0,0,0,1,0,0,1,0,1,0,0,0,120.0,5.166666666666667
0,3,36.0,0,0,7.8958,1,1,0,0,0,1,0,0,1,0,0,1,0,1,0,0,0,108.0,7.8958
1,2,32.0,0,0,13.0,1,1,0,0,0,1,0,1,0,0,0,1,0,1,0,0,0,64.0,13.0
0,2,19.0,0,0,13.0,1,1,0,0,0,1,0,0,1,0,1,0,0,1,0,0,0,38.0,13.0
1,3,19.0,1,0,7.8542,2,0,0,0,0,1,0,1,0,0,1,0,0,1,0,0,0,57.0,3.9271
1,2,3.0,1,1,26.0,3,0,1,0,0,1,0,0,1,1,0,0,0,0,1,0,0,6.0,8.666666666666666
1,1,44.0,0,0,27.7208,1,1,1,1,0,0,0,1,0,0,0,1,0,0,1,0,0,44.0,27.7208
1,1,58.0,0,0,146.5208,1,1,1,1,0,0,0,1,0,0,0,0,1,0,0,0,1,58.0,146.5208
0,3,29.69911764705882,0,0,7.75,1,1,0,0,1,0,0,0,1,0,1,0,0,1,0,0,0,89.09735294117647,7.75
0,3,42.0,0,1,8.4042,2,0,0,0,0,1,0,0,1,0,0,1,0,1,0,0,0,126.0,4.2021
1,3,29.69911764705882,0,0,7.75,1,1,0,0,1,0,0,1,0,0,1,0,0,1,0,0,0,89.09735294117647,7.75
0,2,24.0,0,0,13.0,1,1,0,0,0,1,0,1,0,0,1,0,0,1,0,0,0,48.0,13.0
0,3,28.0,0,0,9.5,1,1,0,0,0,1,0,0,1,0,1,0,0,1,0,0,0,84.0,9.5
0,3,29.69911764705882,8,2,69.55,11,0,0,0,0,1,0,0,1,0,1,0,0,0,0,1,0,89.09735294117647,6.322727272727272
0,3,34.0,0,0,6.4958,1,1,0,0,0,1,0,0,1,0,0,1,0,1,0,0,0,102.0,6.4958
0,3,45.5,0,0,7.225,1,1,0,1,0,0,0,0,1,0,0,1,0,1,0,0,0,136.5,7.225
1,3,18.0,0,0,8.05,1,1,0,0,0,1,0,0,1,0,1,0,0,1,0,0,0,54.0,8.05
0,3,2.0,0,1,10.4625,2,0,1,0,0,1,0,1,0,1,0,0,0,1,0,0,0,6.0,5.23125
0,3,32.0,1,0,15.85,2,0,0,0,0,1,0,0,1,0,0,1,0,1,0,0,0,96.0,7.925
1,3,26.0,0,0,18.7875,1,1,0,1,0,0,0,0,1,0,1,0,0,1,0,0,0,78.0,18.7875
1,3,16.0,0,0,7.75,1,1,0,0,1,0,0,1,0,1,0,0,0,1,0,0,0,48.0,7.75
1,1,40.0,0,0,31.0,1,1,1,1,0,0,0,0,1,0,0,1,0,0,1,0,0,40.0,31.0
0,3,24.0,0,0,7.05,1,1,0,0,0,1,0,0,1,0,1,0,0,1,0,0,0,72.0,7.05
1,2,35.0,0,0,21.0,1,1,0,0,0,1,0,1,0,0,0,1,0,0,1,0,0,70.0,21.0
0,3,22.0,0,0,7.25,1,1,0,0,0,1,0,0,1,0,1,0,0,1,0,0,0,66.0,7.25
0,2,30.0,0,0,13.0,1,1,0,0,0,1,0,0,1,0,0,1,0,1,0,0,0,60.0,13.0
0,3,29.69911764705882,1,0,7.75,2,0,0,0,1,0,0,0,1,0,1,0,0,1,0,0,0,89.09735294117647,3.875
1,1,31.0,1,0,113.275,2,0,1,1,0,0,0,1,0,0,0,1,0,0,0,0,1,31.0,56.6375
1,3,27.0,0,0,7.925,1,1,0,0,0,1,0,1,0,0,1,0,0,1,0,0,0,81.0,7.925
0,2,42.0,1,0,27.0,2,0,0,0,0,1,0,0,1,0,0,1,0,0,1,0,0,84.0,13.5
1,1,32.0,0,0,76.2917,1,1,1,1,0,0,0,1,0,0,0,1,0,0,0,1,0,32.0,76.2917
0,2,30.0,0,0,10.5,1,1,0,0,0,1,0,0,1,0,0,1,0,1,0,0,0,60.0,10.5
1,3,16.0,0,0,8.05,1,1,0,0,0,1,0,0,1,1,0,0,0,1,0,0,0,48.0,8.05
0,2,27.0,0,0,13.0,1,1,0,0,0,1,0,0,1,0,1,0,0,1,0,0,0,54.0,13.0
0,3,51.0,0,0,8.05,1,1,0,0,0,1,0,0,1,0,0,0,1,1,0,0,0,153.0,8.05
0,3,29.69911764705882,0,0,7.8958,1,1,0,0,0,1,0,0,1,0,1,0,0,1,0,0,0,89.09735294117647,7.8958
1,1,38.0,1,0,90.0,2,0,1,0,0,1,0,0,1,0,0,1,0,0,0,1,0,38.0,45.0
0,3,22.0,0,0,9.35,1,1,0,0,0,1,0,0,1,0,1,0,0,1,0,0,0,66.0,9.35
1,2,19.0,0,0,10.5,1,1,0,0,0,1,0,0,1,0,1,0,0,1,0,0,0,38.0,10.5
0,3,20.5,0,0,7.25,1,1,0,0,0,1,0,0,1,0,1,0,0,1,0,0,0,61.5,7.25
0,2,18.0,0,0,13.0,1,1,0,0,0,1,0,0,1,0,1,0,0,1,0,0,0,36.0,13.0
0,3,29.69911764705882,3,1,25.4667,5,0,0,0,0,1,0,1,0,0,1,0,0,0,1,0,0,89.09735294117647,5.0933399999999995
1,1,35.0,1,0,83.475,2,0,1,0,0,1,0,1,0,0,0,1,0,0,0,1,0,35.0,41.7375
0,3,29.0,0,0,7.775,1,1,0,0,0,1,0,0,1,0,1,0,0,1,0,0,0,87.0,7.775
0,2,59.0,0,0,13.5,1,1,0,0,0,1,0,0,1,0,0,0,1,1,0,0,0,118.0,13.5
1,3,5.0,4,2,31.3875,7,0,0,0,0,1,0,1,0,1,0,0,0,0,1,0,0,15.0,4.483928571428572
0,2,24.0,0,0,10.5,1,1,0,0,0,1,0,0,1,0,1,0,0,1,0,0,0,48.0,10.5
0,3,29.69911764705882,0,0,7.55,1,1,0,0,0,1,0,1,0,0,1,0,0,1,0,0,0,89.09735294117647,7.55
0,2,44.0,1,0,26.0,2,0,0,0,0,1,0,0,1,0,0,1,0,0,1,0,0,88.0,13.0
1,2,8.0,0,2,26.25,3,0,0,0,0,1,0,1,0,1,0,0,0,0,1,0,0,16.0,8.75
0,2,19.0,0,0,10.5,1,1,0,0,0,1,0,0,1,0,1,0,0,1,0,0,0,38.0,10.5
0,2,33.0,0,0,12.275,1,1,0,0,0,1,0,0,1,0,0,1,0,1,0,0,0,66.0,12.275
0,3,29.69911764705882,1,0,14.4542,2,0,0,1,0,0,0,1,0,0,1,0,0,1,0,0,0,89.09735294117647,7.2271
1,3,29.69911764705882,1,0,15.5,2,0,0,0,1,0,0,1,0,0,1,0,0,1,0,0,0,89.09735294117647,7.75
0,2,29.0,0,0,10.5,1,1,0,0,0,1,0,0,1,0,1,0,0,1,0,0,0,58.0,10.5
0,3,22.0,0,0,7.125,1,1,0,0,0,1,0,0,1,0,1,0,0,1,0,0,0,66.0,7.125
0,3,30.0,0,0,7.225,1,1,0,1,0,0,0,0,1,0,0,1,0,1,0,0,0,90.0,7.225
0,1,44.0,2,0,90.0,3,0,1,0,1,0,0,0,1,0,0,1,0,0,0,1,0,44.0,30.0
0,3,25.0,0,0,7.775,1,1,0,0,0,1,0,1,0,0,1,0,0,1,0,0,0,75.0,7.775
1,2,24.0,0,2,14.5,3,0,0,0,0,1,0,1,0,0,1,0,0,1,0,0,0,48.0,4.833333333333333
1,1,37.0,1,1,52.5542,3,0,1,0,0,1,0,0,1,0,0,1,0,0,0,1,0,37.0,17.518066666666666
0,2,54.0,1,0,26.0,2,0,0,0,0,1,0,0,1,0,0,0,1,0,1,0,0,108.0,13.0
0,3,29.69911764705882,0,0,7.25,1,1,0,0,0,1,0,0,1,0,1,0,0,1,0,0,0,89.09735294117647,7.25
0,3,29.0,1,1,10.4625,3,0,1,0,0,1,0,1,0,0,1,0,0,1,0,0,0,87.0,3.4875000000000003
0,1,62.0,0,0,26.55,1,1,1,0,0,1,0,0,1,0,0,0,1,0,1,0,0,62.0,26.55
0,3,30.0,1,0,16.1,2,0,0,0,0,1,0,0,1,0,0,1,0,1,0,0,0,90.0,8.05
0,3,41.0,0,2,20.2125,3,0,0,0,0,1,0,1,0,0,0,1,0,0,1,0,0,123.0,6.7375
1,3,29.0,0,2,15.2458,3,0,0,1,0,0,0,1,0,0,1,0,0,1,0,0,0,87.0,5.081933333333333
1,1,29.69911764705882,0,0,79.2,1,1,0,1,0,0,0,1,0,0,1,0,0,0,0,1,0,29.69911764705882,79.2
1,1,30.0,0,0,86.5,1,1,1,0,0,1,0,1,0,0,0,1,0,0,0,1,0,30.0,86.5
1,1,35.0,0,0,512.3292,1,1,0,1,0,0,0,1,0,0,0,1,0,0,0,0,1,35.0,512.3292
1,2,50.0,0,1,26.0,2,0,0,0,0,1,0,1,0,0,0,0,1,0,1,0,0,100.0,13.0
0,3,29.69911764705882,0,0,7.75,1,1,0,0,1,0,0,0,1,0,1,0,0,1,0,0,0,89.09735294117647,7.75
1,3,3.0,4,2,31.3875,7,0,0,0,0,1,0,0,1,1,0,0,0,0,1,0,0,9.0,4.483928571428572
0,1,52.0,1,1,79.65,3,0,1,0,0,1,0,0,1,0,0,0,1,0,0,1,0,52.0,26.55
0,1,40.0,0,0,0.0,1,1,1,0,0,1,0,0,1,0,0,1,0,1,0,0,0,40.0,0.0
0,3,29.69911764705882,0,0,7.75,1,1,0,0,1,0,0,1,0,0,1,0,0,1,0,0,0,89.09735294117647,7.75
0,2,36.0,0,0,10.5,1,1,0,0,0,1,0,0,1,0,0,1,0,1,0,0,0,72.0,10.5
0,3,16.0,4,1,39.6875,6,0,0,0,0,1,0,0,1,1,0,0,0,0,1,0,0,48.0,6.614583333333333
1,3,25.0,1,0,7.775,2,0,0,0,0,1,0,0,1,0,1,0,0,1,0,0,0,75.0,3.8875
1,1,58.0,0,1,153.4625,2,0,1,0,0,1,0,1,0,0,0,0,1,0,0,0,1,58.0,76.73125
1,1,35.0,0,0,135.6333,1,1,1,0,0,1,0,1,0,0,0,1,0,0,0,0,1,35.0,135.6333
0,1,29.69911764705882,0,0,31.0,1,1,0,0,0,1,0,0,1,0,1,0,0,0,1,0,0,29.69911764705882,31.0
1,3,25.0,0,0,0.0,1,1,0,0,0,1,0,0,1,0,1,0,0,1,0,0,0,75.0,0.0
1,2,41.0,0,1,19.5,2,0,0,0,0,1,0,1,0,0,0,1,0,1,0,0,0,82.0,9.75
0,1,37.0,0,1,29.7,2,0,1,1,0,0,0,0,1,0,0,1,0,0,1,0,0,37.0,14.85
1,3,29.69911764705882,0,0,7.75,1,1,0,0,1,0,0,1,0,0,1,0,0,1,0,0,0,89.09735294117647,7.75
1,1,63.0,1,0,77.9583,2,0,1,0,0,1,0,1,0,0,0,0,1,0,0,1,0,63.0,38.97915
0,3,45.0,0,0,7.75,1,1,0,0,0,1,0,1,0,0,0,1,0,1,0,0,0,135.0,7.75
0,2,29.69911764705882,0,0,0.0,1,1,0,0,0,1,0,0,1,0,1,0,0,1,0,0,0,59.39823529411764,0.0
0,3,7.0,4,1,29.125,6,0,0,0,1,0,0,0,1,1,0,0,0,0,1,0,0,21.0,4.854166666666667
1,3,35.0,1,1,20.25,3,0,0,0,0,1,0,1,0,0,0,1,0,0,1,0,0,105.0,6.75
0,3,65.0,0,0,7.75,1,1,0,0,1,0,0,0,1,0,0,0,1,1,0,0,0,195.0,7.75
0,3,28.0,0,0,7.8542,1,1,0,0,0,1,0,0,1,0,1,0,0,1,0,0,0,84.0,7.8542
0,3,16.0,0,0,9.5,1,1,0,0,0,1,0,0,1,1,0,0,0,1,0,0,0,48.0,9.5
1,3,19.0,0,0,8.05,1,1,0,0,0,1,0,0,1,0,1,0,0,1,0,0,0,57.0,8.05
0,1,29.69911764705882,0,0,26.0,1,1,1,0,0,1,0,0,1,0,1,0,0,0,1,0,0,29.69911764705882,26.0
0,3,33.0,0,0,8.6625,1,1,0,1,0,0,0,0,1,0,0,1,0,1,0,0,0,99.0,8.6625
1,3,30.0,0,0,9.5,1,1,0,0,0,1,0,0,1,0,0,1,0,1,0,0,0,90.0,9.5
0,3,22.0,0,0,7.8958,1,1,0,0,0,1,0,0,1,0,1,0,0,1,0,0,0,66.0,7.8958
1,2,42.0,0,0,13.0,1,1,0,0,0,1,0,0,1,0,0,1,0,1,0,0,0,84.0,13.0
1,3,22.0,0,0,7.75,1,1,0,0,1,0,0,1,0,0,1,0,0,1,0,0,0,66.0,7.75
1,1,26.0,0,0,78.85,1,1,0,0,0,1,0,1,0,0,1,0,0,0,0,1,0,26.0,78.85
1,1,19.0,1,0,91.0792,2,0,1,1,0,0,0,1,0,0,1,0,0,0,0,1,0,19.0,45.5396
0,2,36.0,0,0,12.875,1,1,1,1,0,0,0,0,1,0,0,1,0,1,0,0,0,72.0,12.875
0,3,24.0,0,0,8.85,1,1,0,0,0,1,0,1,0,0,1,0,0,1,0,0,0,72.0,8.85
0,3,24.0,0,0,7.8958,1,1,0,0,0,1,0,0,1,0,1,0,0,1,0,0,0,72.0,7.8958
0,1,29.69911764705882,0,0,27.7208,1,1,0,1,0,0,0,0,1,0,1,0,0,0,1,0,0,29.69911764705882,27.7208
0,3,23.5,0,0,7.2292,1,1,0,1,0,0,0,0,1,0,1,0,0,1,0,0,0,70.5,7.2292
0,1,2.0,1,2,151.55,4,0,2,0,0,1,0,1,0,1,0,0,0,0,0,0,1,2.0,37.8875
1,1,29.69911764705882,0,0,30.5,1,1,1,0,0,1,0,0,1,0,1,0,0,0,1,0,0,29.69911764705882,30.5
1,1,50.0,0,1,247.5208,2,0,2,1,0,0,0,1,0,0,0,0,1,0,0,0,1,50.0,123.7604
1,3,29.69911764705882,0,0,7.75,1,1,0,0,1,0,0,1,0,0,1,0,0,1,0,0,0,89.09735294117647,7.75
1,3,29.69911764705882,2,0,23.25,3,0,0,0,1,0,0,0,1,0,1,0,0,0,1,0,0,89.09735294117647,7.75
0,3,19.0,0,0,0.0,1,1,0,0,0,1,0,0,1,0,1,0,0,1,0,0,0,57.0,0.0
1,2,29.69911764705882,0,0,12.35,1,1,1,0,1,0,0,1,0,0,1,0,0,1,0,0,0,59.39823529411764,12.35
0,3,29.69911764705882,0,0,8.05,1,1,0,0,0,1,0,0,1,0,1,0,0,1,0,0,0,89.09735294117647,8.05
1,1,0.92,1,2,151.55,4,0,2,0,0,1,0,0,1,1,0,0,0,0,0,0,1,0.92,37.8875
1,1,29.69911764705882,0,0,110.8833,1,1,0,1,0,0,0,1,0,0,1,0,0,0,0,0,1,29.69911764705882,110.8833
1,1,17.0,1,0,108.9,2,0,1,1,0,0,0,1,0,1,0,0,0,0,0,0,1,17.0,54.45
0,2,30.0,1,0,24.0,2,0,0,1,0,0,0,0,1,0,0,1,0,0,1,0,0,60.0,12.0
1,1,30.0,0,0,56.9292,1,1,1,1,0,0,0,1,0,0,0,1,0,0,0,1,0,30.0,56.9292
1,1,24.0,0,0,83.1583,1,1,1,1,0,0,0,1,0,0,1,0,0,0,0,1,0,24.0,83.1583
1,1,18.0,2,2,262.375,5,0,4,1,0,0,0,1,0,0,1,0,0,0,0,0,1,18.0,52.475
0,2,26.0,1,1,26.0,3,0,0,0,0,1,0,1,0,0,1,0,0,0,1,0,0,52.0,8.666666666666666
0,3,28.0,0,0,7.8958,1,1,0,0,0,1,0,0,1,0,1,0,0,1,0,0,0,84.0,7.8958
0,2,43.0,1,1,26.25,3,0,0,0,0,1,0,0,1,0,0,1,0,0,1,0,0,86.0,8.75
1,3,26.0,0,0,7.8542,1,1,0,0,0,1,0,1,0,0,1,0,0,1,0,0,0,78.0,7.8542
1,2,24.0,1,0,26.0,2,0,0,0,0,1,0,1,0,0,1,0,0,0,1,0,0,48.0,13.0
0,2,54.0,0,0,14.0,1,1,0,0,0,1,0,0,1,0,0,0,1,1,0,0,0,108.0,14.0
1,1,31.0,0,2,164.8667,3,0,1,0,0,1,0,1,0,0,0,1,0,0,0,0,1,31.0,54.95556666666667
1,1,40.0,1,1,134.5,3,0,1,1,0,0,0,1,0,0,0,1,0,0,0,0,1,40.0,44.833333333333336
0,3,22.0,0,0,7.25,1,1,0,0,0,1,0,0,1,0,1,0,0,1,0,0,0,66.0,7.25
0,3,27.0,0,0,7.8958,1,1,0,0,0,1,0,0,1,0,1,0,0,1,0,0,0,81.0,7.8958
1,2,30.0,0,0,12.35,1,1,0,0,1,0,0,1,0,0,0,1,0,1,0,0,0,60.0,12.35
1,2,22.0,1,1,29.0,3,0,0,0,0,1,0,1,0,0,1,0,0,0,1,0,0,44.0,9.666666666666666
0,3,29.69911764705882,8,2,69.55,11,0,0,0,0,1,0,0,1,0,1,0,0,0,0,1,0,89.09735294117647,6.322727272727272
1,1,36.0,0,0,135.6333,1,1,1,1,0,0,0,1,0,0,0,1,0,0,0,0,1,36.0,135.6333
0,3,61.0,0,0,6.2375,1,1,0,0,0,1,0,0,1,0,0,0,1,1,0,0,0,183.0,6.2375
1,2,36.0,0,0,13.0,1,1,1,0,0,1,0,1,0,0,0,1,0,1,0,0,0,72.0,13.0
1,3,31.0,1,1,20.525,3,0,0,0,0,1,0,1,0,0,0,1,0,0,1,0,0,93.0,6.841666666666666
1,1,16.0,0,1,57.9792,2,0,1,1,0,0,0,1,0,1,0,0,0,0,0,1,0,16.0,28.9896
1,3,29.69911764705882,2,0,23.25,3,0,0,0,1,0,0,1,0,0,1,0,0,0,1,0,0,89.09735294117647,7.75
0,1,45.5,0,0,28.5,1,1,1,0,0,1,0,0,1,0,0,1,0,0,1,0,0,45.5,28.5
0,1,38.0,0,1,153.4625,2,0,1,0,0,1,0,0,1,0,0,1,0,0,0,0,1,38.0,76.73125
0,3,16.0,2,0,18.0,3,0,0,0,0,1,0,0,1,1,0,0,0,1,0,0,0,48.0,6.0
1,1,29.69911764705882,1,0,133.65,2,0,0,0,0,1,0,1,0,0,1,0,0,0,0,0,1,29.69911764705882,66.825
0,3,29.69911764705882,0,0,7.8958,1,1,0,0,0,1,0,0,1,0,1,0,0,1,0,0,0,89.09735294117647,7.8958
0,1,29.0,1,0,66.6,2,0,1,0,0,1,0,0,1,0,1,0,0,0,0,1,0,29.0,33.3
1,1,41.0,0,0,134.5,1,1,1,1,0,0,0,1,0,0,0,1,0,0,0,0,1,41.0,134.5
1,3,45.0,0,0,8.05,1,1,0,0,0,1,0,0,1,0,0,1,0,1,0,0,0,135.0,8.05
0,1,45.0,0,0,35.5,1,1,1,0,0,1,0,0,1,0,0,1,0,0,1,0,0,45.0,35.5
1,2,2.0,1,1,26.0,3,0,1,0,0,1,0,0,1,1,0,0,0,0,1,0,0,4.0,8.666666666666666
1,1,24.0,3,2,263.0,6,0,3,0,0,1,0,1,0,0,1,0,0,0,0,0,1,24.0,43.833333333333336
0,2,28.0,0,0,13.0,1,1,0,0,0,1,0,0,1,0,1,0,0,1,0,0,0,56.0,13.0
0,2,25.0,0,0,13.0,1,1,0,0,0,1,0,0,1,0,1,0,0,1,0,0,0,50.0,13.0
0,2,36.0,0,0,13.0,1,1,0,0,0,1,0,0,1,0,0,1,0,1,0,0,0,72.0,13.0
1,2,24.0,0,0,13.0,1,1,1,0,0,1,0,1,0,0,1,0,0,1,0,0,0,48.0,13.0
1,2,40.0,0,0,13.0,1,1,0,0,0,1,0,1,0,0,0,1,0,1,0,0,0,80.0,13.0
1,3,29.69911764705882,1,0,16.1,2,0,0,0,0,1,0,1,0,0,1,0,0,1,0,0,0,89.09735294117647,8.05
1,3,3.0,1,1,15.9,3,0,0,0,0,1,0,0,1,1,0,0,0,1,0,0,0,9.0,5.3
0,3,42.0,0,0,8.6625,1,1,0,0,0,1,0,0,1,0,0,1,0,1,0,0,0,126.0,8.6625
0,3,23.0,0,0,9.225,1,1,0,0,0,1,0,0,1,0,1,0,0,1,0,0,0,69.0,9.225
0,1,29.69911764705882,0,0,35.0,1,1,1,0,0,1,0,0,1,0,1,0,0,0,1,0,0,29.69911764705882,35.0
0,3,15.0,1,1,7.2292,3,0,0,1,0,0,0,0,1,1,0,0,0,1,0,0,0,45.0,2.409733333333333
0,3,25.0,1,0,17.8,2,0,0,0,0,1,0,0,1,0,1,0,0,1,0,0,0,75.0,8.9
0,3,29.69911764705882,0,0,7.225,1,1,0,1,0,0,0,0,1,0,1,0,0,1,0,0,0,89.09735294117647,7.225
0,3,28.0,0,0,9.5,1,1,0,0,0,1,0,0,1,0,1,0,0,1,0,0,0,84.0,9.5
1,1,22.0,0,1,55.0,2,0,1,0,0,1,0,1,0,0,1,0,0,0,0,1,0,22.0,27.5
0,2,38.0,0,0,13.0,1,1,0,0,0,1,0,1,0,0,0,1,0,1,0,0,0,76.0,13.0
1,3,29.69911764705882,0,0,7.8792,1,1,0,0,1,0,0,1,0,0,1,0,0,1,0,0,0,89.09735294117647,7.8792
1,3,29.69911764705882,0,0,7.8792,1,1,0,0,1,0,0,1,0,0,1,0,0,1,0,0,0,89.09735294117647,7.8792
0,3,40.0,1,4,27.9,6,0,0,0,0,1,0,0,1,0,0,1,0,0,1,0,0,120.0,4.6499999999999995
0,2,29.0,1,0,27.7208,2,0,0,1,0,0,0,0,1,0,1,0,0,0,1,0,0,58.0,13.8604
0,3,45.0,0,1,14.4542,2,0,0,1,0,0,0,1,0,0,0,1,0,1,0,0,0,135.0,7.2271
0,3,35.0,0,0,7.05,1,1,0,0,0,1,0,0,1,0,0,1,0,1,0,0,0,105.0,7.05
0,3,29.69911764705882,1,0,15.5,2,0,0,0,1,0,0,0,1,0,1,0,0,1,0,0,0,89.09735294117647,7.75
0,3,30.0,0,0,7.25,1,1,0,0,0,1,0,0,1,0,0,1,0,1,0,0,0,90.0,7.25
1,1,60.0,1,0,75.25,2,0,1,1,0,0,0,1,0,0,0,0,1,0,0,1,0,60.0,37.625
1,3,29.69911764705882,0,0,7.2292,1,1,0,1,0,0,0,1,0,0,1,0,0,1,0,0,0,89.09735294117647,7.2292
1,3,29.69911764705882,0,0,7.75,1,1,0,0,1,0,0,1,0,0,1,0,0,1,0,0,0,89.09735294117647,7.75
1,1,24.0,0,0,69.3,1,1,1,1,0,0,0,1,0,0,1,0,0,0,0,1,0,24.0,69.3
1,1,25.0,1,0,55.4417,2,0,1,1,0,0,0,0,1,0,1,0,0,0,0,1,0,25.0,27.72085
0,3,18.0,1,0,6.4958,2,0,0,0,0,1,0,0,1,0,1,0,0,1,0,0,0,54.0,3.2479
0,3,19.0,0,0,8.05,1,1,0,0,0,1,0,0,1,0,1,0,0,1,0,0,0,57.0,8.05
0,1,22.0,0,0,135.6333,1,1,0,1,0,0,0,0,1,0,1,0,0,0,0,0,1,22.0,135.6333
0,3,3.0,3,1,21.075,5,0,0,0,0,1,0,1,0,1,0,0,0,0,1,0,0,9.0,4.215
1,1,29.69911764705882,1,0,82.1708,2,0,0,1,0,0,0,1,0,0,1,0,0,0,0,1,0,29.69911764705882,41.0854
1,3,22.0,0,0,7.25,1,1,0,0,0,1,0,1,0,0,1,0,0,1,0,0,0,66.0,7.25
0,1,27.0,0,2,211.5,3,0,1,1,0,0,0,0,1,0,1,0,0,0,0,0,1,27.0,70.5
0,3,20.0,0,0,4.0125,1,1,0,1,0,0,0,0,1,0,1,0,0,1,0,0,0,60.0,4.0125
0,3,19.0,0,0,7.775,1,1,0,0,0,1,0,0,1,0,1,0,0,1,0,0,0,57.0,7.775
1,1,42.0,0,0,227.525,1,1,0,1,0,0,0,1,0,0,0,1,0,0,0,0,1,42.0,227.525
1,3,1.0,0,2,15.7417,3,0,0,1,0,0,0,1,0,1,0,0,0,1,0,0,0,3.0,5.247233333333333
0,3,32.0,0,0,7.925,1,1,0,0,0,1,0,0,1,0,0,1,0,1,0,0,0,96.0,7.925
1,1,35.0,1,0,52.0,2,0,0,0,0,1,0,1,0,0,0,1,0,0,0,1,0,35.0,26.0
0,3,29.69911764705882,0,0,7.8958,1,1,0,0,0,1,0,0,1,0,1,0,0,1,0,0,0,89.09735294117647,7.8958
0,2,18.0,0,0,73.5,1,1,0,0,0,1,0,0,1,0,1,0,0,0,0,1,0,36.0,73.5
0,3,1.0,5,2,46.9,8,0,0,0,0,1,0,0,1,1,0,0,0,0,1,0,0,3.0,5.8625
1,2,36.0,0,0,13.0,1,1,0,0,0,1,0,1,0,0,0,1,0,1,0,0,0,72.0,13.0
0,3,29.69911764705882,0,0,7.7292,1,1,0,0,1,0,0,0,1,0,1,0,0,1,0,0,0,89.09735294117647,7.7292
1,2,17.0,0,0,12.0,1,1,0,1,0,0,0,1,0,1,0,0,0,1,0,0,0,34.0,12.0
1,1,36.0,1,2,120.0,4,0,2,0,0,1,0,0,1,0,0,1,0,0,0,0,1,36.0,30.0
1,3,21.0,0,0,7.7958,1,1,0,0,0,1,0,0,1,0,1,0,0,1,0,0,0,63.0,7.7958
0,3,28.0,2,0,7.925,3,0,0,0,0,1,0,0,1,0,1,0,0,1,0,0,0,84.0,2.6416666666666666
1,1,23.0,1,0,113.275,2,0,1,1,0,0,0,1,0,0,1,0,0,0,0,0,1,23.0,56.6375
1,3,24.0,0,2,16.7,3,0,1,0,0,1,0,1,0,0,1,0,0,1,0,0,0,72.0,5.566666666666666
0,3,22.0,0,0,7.7958,1,1,0,0,0,1,0,0,1,0,1,0,0,1,0,0,0,66.0,7.7958
0,3,31.0,0,0,7.8542,1,1,0,0,0,1,0,1,0,0,0,1,0,1,0,0,0,93.0,7.8542
0,2,46.0,0,0,26.0,1,1,0,0,0,1,0,0,1,0,0,1,0,0,1,0,0,92.0,26.0
0,2,23.0,0,0,10.5,1,1,0,0,0,1,0,0,1,0,1,0,0,1,0,0,0,46.0,10.5
1,2,28.0,0,0,12.65,1,1,0,0,0,1,0,1,0,0,1,0,0,1,0,0,0,56.0,12.65
1,3,39.0,0,0,7.925,1,1,0,0,0,1,0,0,1,0,0,1,0,1,0,0,0,117.0,7.925
0,3,26.0,0,0,8.05,1,1,0,0,0,1,0,0,1,0,1,0,0,1,0,0,0,78.0,8.05
0,3,21.0,1,0,9.825,2,0,0,0,0,1,0,1,0,0,1,0,0,1,0,0,0,63.0,4.9125
0,3,28.0,1,0,15.85,2,0,0,0,0,1,0,0,1,0,1,0,0,1,0,0,0,84.0,7.925
0,3,20.0,0,0,8.6625,1,1,0,0,0,1,0,1,0,0,1,0,0,1,0,0,0,60.0,8.6625
0,2,34.0,1,0,21.0,2,0,0,0,0,1,0,0,1,0,0,1,0,0,1,0,0,68.0,10.5
0,3,51.0,0,0,7.75,1,1,0,0,0,1,0,0,1,0,0,0,1,1,0,0,0,153.0,7.75
1,2,3.0,1,1,18.75,3,0,0,0,0,1,0,0,1,1,0,0,0,1,0,0,0,6.0,6.25
0,3,21.0,0,0,7.775,1,1,0,0,0,1,0,0,1,0,1,0,0,1,0,0,0,63.0,7.775
0,3,29.69911764705882,3,1,25.4667,5,0,0,0,0,1,0,1,0,0,1,0,0,0,1,0,0,89.09735294117647,5.0933399999999995
0,3,29.69911764705882,0,0,7.8958,1,1,0,0,0,1,0,0,1,0,1,0,0,1,0,0,0,89.09735294117647,7.8958
0,3,29.69911764705882,0,0,6.8583,1,1,0,0,1,0,0,0,1,0,1,0,0,1,0,0,0,89.09735294117647,6.8583
1,1,33.0,1,0,90.0,2,0,1,0,1,0,0,1,0,0,0,1,0,0,0,1,0,33.0,45.0
0,2,29.69911764705882,0,0,0.0,1,1,0,0,0,1,0,0,1,0,1,0,0,1,0,0,0,59.39823529411764,0.0
1,3,44.0,0,0,7.925,1,1,0,0,0,1,0,0,1,0,0,1,0,1,0,0,0,132.0,7.925
0,3,29.69911764705882,0,0,8.05,1,1,0,0,0,1,0,1,0,0,1,0,0,1,0,0,0,89.09735294117647,8.05
1,2,34.0,1,1,32.5,3,0,0,0,0,1,0,1,0,0,0,1,0,0,1,0,0,68.0,10.833333333333334
1,2,18.0,0,2,13.0,3,0,0,0,0,1,0,1,0,0,1,0,0,1,0,0,0,36.0,4.333333333333333
0,2,30.0,0,0,13.0,1,1,0,0,0,1,0,0,1,0,0,1,0,1,0,0,0,60.0,13.0
0,3,10.0,0,2,24.15,3,0,0,0,0,1,0,1,0,1,0,0,0,0,1,0,0,30.0,8.049999999999999
0,3,29.69911764705882,0,0,7.8958,1,1,0,1,0,0,0,0,1,0,1,0,0,1,0,0,0,89.09735294117647,7.8958
0,3,21.0,0,0,7.7333,1,1,0,0,1,0,0,0,1,0,1,0,0,1,0,0,0,63.0,7.7333
0,3,29.0,0,0,7.875,1,1,0,0,0,1,0,0,1,0,1,0,0,1,0,0,0,87.0,7.875
0,3,28.0,1,1,14.4,3,0,0,0,0,1,0,1,0,0,1,0,0,1,0,0,0,84.0,4.8
0,3,18.0,1,1,20.2125,3,0,0,0,0,1,0,0,1,0,1,0,0,0,1,0,0,54.0,6.7375
0,3,29.69911764705882,0,0,7.25,1,1,0,0,0,1,0,0,1,0,1,0,0,1,0,0,0,89.09735294117647,7.25
1,2,28.0,1,0,26.0,2,0,0,0,0,1,0,1,0,0,1,0,0,0,1,0,0,56.0,13.0
1,2,19.0,0,0,26.0,1,1,0,0,0,1,0,1,0,0,1,0,0,0,1,0,0,38.0,26.0
0,3,29.69911764705882,0,0,7.75,1,1,0,0,1,0,0,0,1,0,1,0,0,1,0,0,0,89.09735294117647,7.75
1,3,32.0,0,0,8.05,1,1,1,0,0,1,0,0,1,0,0,1,0,1,0,0,0,96.0,8.05
1,1,28.0,0,0,26.55,1,1,1,0,0,1,0,0,1,0,1,0,0,0,1,0,0,28.0,26.55
1,3,29.69911764705882,1,0,16.1,2,0,0,0,0,1,0,1,0,0,1,0,0,1,0,0,0,89.09735294117647,8.05
1,2,42.0,1,0,26.0,2,0,0,0,0,1,0,1,0,0,0,1,0,0,1,0,0,84.0,13.0
0,3,17.0,0,0,7.125,1,1,0,0,0,1,0,0,1,1,0,0,0,1,0,0,0,51.0,7.125
0,1,50.0,1,0,55.9,2,0,1,0,0,1,0,0,1,0,0,0,1,0,0,1,0,50.0,27.95
1,1,14.0,1,2,120.0,4,0,2,0,0,1,0,1,0,1,0,0,0,0,0,0,1,14.0,30.0
0,3,21.0,2,2,34.375,5,0,0,0,0,1,0,1,0,0,1,0,0,0,1,0,0,63.0,6.875
1,2,24.0,2,3,18.75,6,0,0,0,0,1,0,1,0,0,1,0,0,1,0,0,0,48.0,3.125
0,1,64.0,1,4,263.0,6,0,3,0,0,1,0,0,1,0,0,0,1,0,0,0,1,64.0,43.833333333333336
0,2,31.0,0,0,10.5,1,1,0,0,0,1,0,0,1,0,0,1,0,1,0,0,0,62.0,10.5
1,2,45.0,1,1,26.25,3,0,0,0,0,1,0,1,0,0,0,1,0,0,1,0,0,90.0,8.75
0,3,20.0,0,0,9.5,1,1,0,0,0,1,0,0,1,0,1,0,0,1,0,0,0,60.0,9.5
0,3,25.0,1,0,7.775,2,0,0,0,0,1,0,0,1,0,1,0,0,1,0,0,0,75.0,3.8875
1,2,28.0,0,0,13.0,1,1,0,0,0,1,0,1,0,0,1,0,0,1,0,0,0,56.0,13.0
1,3,29.69911764705882,0,0,8.1125,1,1,0,0,0,1,0,0,1,0,1,0,0,1,0,0,0,89.09735294117647,8.1125
1,1,4.0,0,2,81.8583,3,0,1,0,0,1,0,0,1,1,0,0,0,0,0,1,0,4.0,27.2861
1,2,13.0,0,1,19.5,2,0,0,0,0,1,0,1,0,1,0,0,0,1,0,0,0,26.0,9.75
1,1,34.0,0,0,26.55,1,1,0,0,0,1,0,0,1,0,0,1,0,0,1,0,0,34.0,26.55
1,3,5.0,2,1,19.2583,4,0,0,1,0,0,0,1,0,1,0,0,0,1,0,0,0,15.0,4.814575
1,1,52.0,0,0,30.5,1,1,1,0,0,1,0,0,1,0,0,0,1,0,1,0,0,52.0,30.5
0,2,36.0,1,2,27.75,4,0,0,0,0,1,0,0,1,0,0,1,0,0,1,0,0,72.0,6.9375
0,3,29.69911764705882,1,0,19.9667,2,0,0,0,0,1,0,0,1,0,1,0,0,1,0,0,0,89.09735294117647,9.98335
0,1,30.0,0,0,27.75,1,1,1,1,0,0,0,0,1,0,0,1,0,0,1,0,0,30.0,27.75
1,1,49.0,1,0,89.1042,2,0,1,1,0,0,0,0,1,0,0,1,0,0,0,1,0,49.0,44.5521
0,3,29.69911764705882,0,0,8.05,1,1,0,0,0,1,0,0,1,0,1,0,0,1,0,0,0,89.09735294117647,8.05
1,3,29.0,0,0,7.8958,1,1,0,1,0,0,0,0,1,0,1,0,0,1,0,0,0,87.0,7.8958
0,1,65.0,0,0,26.55,1,1,1,0,0,1,0,0,1,0,0,0,1,0,1,0,0,65.0,26.55
1,1,29.69911764705882,1,0,51.8625,2,0,1,0,0,1,0,1,0,0,1,0,0,0,0,1,0,29.69911764705882,25.93125
1,2,50.0,0,0,10.5,1,1,0,0,0,1,0,1,0,0,0,0,1,1,0,0,0,100.0,10.5
0,3,29.69911764705882,0,0,7.75,1,1,0,0,1,0,0,0,1,0,1,0,0,1,0,0,0,89.09735294117647,7.75
1,1,48.0,0,0,26.55,1,1,1,0,0,1,0,0,1,0,0,1,0,0,1,0,0,48.0,26.55
0,3,34.0,0,0,8.05,1,1,0,0,0,1,0,0,1,0,0,1,0,1,0,0,0,102.0,8.05
0,1,47.0,0,0,38.5,1,1,1,0,0,1,0,0,1,0,0,1,0,0,1,0,0,47.0,38.5
0,2,48.0,0,0,13.0,1,1,0,0,0,1,0,0,1,0,0,1,0,1,0,0,0,96.0,13.0
0,3,29.69911764705882,0,0,8.05,1,1,0,0,0,1,0,0,1,0,1,0,0,1,0,0,0,89.09735294117647,8.05
0,3,38.0,0,0,7.05,1,1,0,0,0,1,0,0,1,0,0,1,0,1,0,0,0,114.0,7.05
0,2,29.69911764705882,0,0,0.0,1,1,0,0,0,1,0,0,1,0,1,0,0,1,0,0,0,59.39823529411764,0.0
0,1,56.0,0,0,26.55,1,1,0,0,0,1,0,0,1,0,0,0,1,0,1,0,0,56.0,26.55
0,3,29.69911764705882,0,0,7.725,1,1,0,0,1,0,0,0,1,0,1,0,0,1,0,0,0,89.09735294117647,7.725
1,3,0.75,2,1,19.2583,4,0,0,1,0,0,0,1,0,1,0,0,0,1,0,0,0,2.25,4.814575
0,3,29.69911764705882,0,0,7.25,1,1,0,0,0,1,0,0,1,0,1,0,0,1,0,0,0,89.09735294117647,7.25
0,3,38.0,0,0,8.6625,1,1,0,0,0,1,0,0,1,0,0,1,0,1,0,0,0,114.0,8.6625
1,2,33.0,1,2,27.75,4,0,0,0,0,1,0,1,0,0,0,1,0,0,1,0,0,66.0,6.9375
1,2,23.0,0,0,13.7917,1,1,1,1,0,0,0,1,0,0,1,0,0,1,0,0,0,46.0,13.7917
0,3,22.0,0,0,9.8375,1,1,0,0,0,1,0,1,0,0,1,0,0,1,0,0,0,66.0,9.8375
0,1,29.69911764705882,0,0,52.0,1,1,1,0,0,1,0,0,1,0,1,0,0,0,0,1,0,29.69911764705882,52.0
0,2,34.0,1,0,21.0,2,0,0,0,0,1,0,0,1,0,0,1,0,0,1,0,0,68.0,10.5
0,3,29.0,1,0,7.0458,2,0,0,0,0,1,0,0,1,0,1,0,0,1,0,0,0,87.0,3.5229
0,3,22.0,0,0,7.5208,1,1,0,0,0,1,0,0,1,0,1,0,0,1,0,0,0,66.0,7.5208
1,3,2.0,0,1,12.2875,2,0,0,0,0,1,0,1,0,1,0,0,0,1,0,0,0,6.0,6.14375
0,3,9.0,5,2,46.9,8,0,0,0,0,1,0,0,1,1,0,0,0,0,1,0,0,27.0,5.8625
0,2,29.69911764705882,0,0,0.0,1,1,0,0,0,1,0,0,1,0,1,0,0,1,0,0,0,59.39823529411764,0.0
0,3,50.0,0,0,8.05,1,1,0,0,0,1,0,0,1,0,0,0,1,1,0,0,0,150.0,8.05
1,3,63.0,0,0,9.5875,1,1,0,0,0,1,0,1,0,0,0,0,1,1,0,0,0,189.0,9.5875
1,1,25.0,1,0,91.0792,2,0,1,1,0,0,0,0,1,0,1,0,0,0,0,1,0,25.0,45.5396
0,3,29.69911764705882,3,1,25.4667,5,0,0,0,0,1,0,1,0,0,1,0,0,0,1,0,0,89.09735294117647,5.0933399999999995
1,1,35.0,1,0,90.0,2,0,1,0,0,1,0,1,0,0,0,1,0,0,0,1,0,35.0,45.0
0,1,58.0,0,0,29.7,1,1,1,1,0,0,0,0,1,0,0,0,1,0,1,0,0,58.0,29.7
0,3,30.0,0,0,8.05,1,1,0,0,0,1,0,0,1,0,0,1,0,1,0,0,0,90.0,8.05
1,3,9.0,1,1,15.9,3,0,0,0,0,1,0,0,1,1,0,0,0,1,0,0,0,27.0,5.3
0,3,29.69911764705882,1,0,19.9667,2,0,0,0,0,1,0,0,1,0,1,0,0,1,0,0,0,89.09735294117647,9.98335
0,3,21.0,0,0,7.25,1,1,0,0,0,1,0,0,1,0,1,0,0,1,0,0,0,63.0,7.25
0,1,55.0,0,0,30.5,1,1,1,0,0,1,0,0,1,0,0,0,1,0,1,0,0,55.0,30.5
0,1,71.0,0,0,49.5042,1,1,0,1,0,0,0,0,1,0,0,0,1,0,1,0,0,71.0,49.5042
0,3,21.0,0,0,8.05,1,1,0,0,0,1,0,0,1,0,1,0,0,1,0,0,0,63.0,8.05
0,3,29.69911764705882,0,0,14.4583,1,1,0,1,0,0,0,0,1,0,1,0,0,1,0,0,0,89.09735294117647,14.4583
1,1,54.0,1,0,78.2667,2,0,1,1,0,0,0,1,0,0,0,0,1,0,0,1,0,54.0,39.13335
0,3,29.69911764705882,0,0,15.1,1,1,0,0,0,1,0,0,1,0,1,0,0,1,0,0,0,89.09735294117647,15.1
0,1,25.0,1,2,151.55,4,0,2,0,0,1,0,1,0,0,1,0,0,0,0,0,1,25.0,37.8875
0,3,24.0,0,0,7.7958,1,1,0,0,0,1,0,0,1,0,1,0,0,1,0,0,0,72.0,7.7958
0,3,17.0,0,0,8.6625,1,1,0,0,0,1,0,0,1,1,0,0,0,1,0,0,0,51.0,8.6625
0,3,21.0,0,0,7.75,1,1,0,0,1,0,0,1,0,0,1,0,0,1,0,0,0,63.0,7.75
0,3,29.69911764705882,0,0,7.6292,1,1,0,0,1,0,0,1,0,0,1,0,0,1,0,0,0,89.09735294117647,7.6292
0,3,37.0,0,0,9.5875,1,1,0,0,0,1,0,1,0,0,0,1,0,1,0,0,0,111.0,9.5875
1,1,16.0,0,0,86.5,1,1,1,0,0,1,0,1,0,1,0,0,0,0,0,1,0,16.0,86.5
0,1,18.0,1,0,108.9,2,0,1,1,0,0,0,0,1,0,1,0,0,0,0,0,1,18.0,54.45
1,2,33.0,0,2,26.0,3,0,0,0,0,1,0,1,0,0,0,1,0,0,1,0,0,66.0,8.666666666666666
1,1,29.69911764705882,0,0,26.55,1,1,0,0,0,1,0,0,1,0,1,0,0,0,1,0,0,29.69911764705882,26.55
0,3,28.0,0,0,22.525,1,1,0,0,0,1,0,0,1,0,1,0,0,0,1,0,0,84.0,22.525
1,3,26.0,0,0,56.4958,1,1,0,0,0,1,0,0,1,0,1,0,0,0,0,1,0,78.0,56.4958
1,3,29.0,0,0,7.75,1,1,0,0,1,0,0,0,1,0,1,0,0,1,0,0,0,87.0,7.75
0,3,29.69911764705882,0,0,8.05,1,1,0,0,0,1,0,0,1,0,1,0,0,1,0,0,0,89.09735294117647,8.05
1,1,36.0,0,0,26.2875,1,1,1,0,0,1,0,0,1,0,0,1,0,0,1,0,0,36.0,26.2875
1,1,54.0,1,0,59.4,2,0,0,1,0,0,0,1,0,0,0,0,1,0,0,1,0,54.0,29.7
0,3,24.0,0,0,7.4958,1,1,0,0,0,1,0,0,1,0,1,0,0,1,0,0,0,72.0,7.4958
0,1,47.0,0,0,34.0208,1,1,1,0,0,1,0,0,1,0,0,1,0,0,1,0,0,47.0,34.0208
1,2,34.0,0,0,10.5,1,1,1,0,0,1,0,1,0,0,0,1,0,1,0,0,0,68.0,10.5
0,3,29.69911764705882,0,0,24.15,1,1,0,0,1,0,0,0,1,0,1,0,0,0,1,0,0,89.09735294117647,24.15
1,2,36.0,1,0,26.0,2,0,0,0,0,1,0,1,0,0,0,1,0,0,1,0,0,72.0,13.0
0,3,32.0,0,0,7.8958,1,1,0,0,0,1,0,0,1,0,0,1,0,1,0,0,0,96.0,7.8958
1,1,30.0,0,0,93.5,1,1,1,0,0,1,0,1,0,0,0,1,0,0,0,1,0,30.0,93.5
0,3,22.0,0,0,7.8958,1,1,0,0,0,1,0,0,1,0,1,0,0,1,0,0,0,66.0,7.8958
0,3,29.69911764705882,0,0,7.225,1,1,0,1,0,0,0,0,1,0,1,0,0,1,0,0,0,89.09735294117647,7.225
1,1,44.0,0,1,57.9792,2,0,1,1,0,0,0,1,0,0,0,1,0,0,0,1,0,44.0,28.9896
0,3,29.69911764705882,0,0,7.2292,1,1,0,1,0,0,0,0,1,0,1,0,0,1,0,0,0,89.09735294117647,7.2292
0,3,40.5,0,0,7.75,1,1,0,0,1,0,0,0,1,0,0,1,0,1,0,0,0,121.5,7.75
1,2,50.0,0,0,10.5,1,1,0,0,0,1,0,1,0,0,0,0,1,1,0,0,0,100.0,10.5
0,1,29.69911764705882,0,0,221.7792,1,1,1,0,0,1,0,0,1,0,1,0,0,0,0,0,1,29.69911764705882,221.7792
0,3,39.0,0,0,7.925,1,1,0,0,0,1,0,0,1,0,0,1,0,1,0,0,0,117.0,7.925
0,2,23.0,2,1,11.5,4,0,0,0,0,1,0,0,1,0,1,0,0,1,0,0,0,46.0,2.875
1,2,2.0,1,1,26.0,3,0,0,0,0,1,0,1,0,1,0,0,0,0,1,0,0,4.0,8.666666666666666
0,3,29.69911764705882,0,0,7.2292,1,1,0,1,0,0,0,0,1,0,1,0,0,1,0,0,0,89.09735294117647,7.2292
0,3,17.0,1,1,7.2292,3,0,0,1,0,0,0,0,1,1,0,0,0,1,0,0,0,51.0,2.409733333333333
1,3,29.69911764705882,0,2,22.3583,3,0,0,1,0,0,0,1,0,0,1,0,0,0,1,0,0,89.09735294117647,7.452766666666666
0,3,30.0,0,0,8.6625,1,1,0,0,0,1,0,1,0,0,0,1,0,1,0,0,0,90.0,8.6625
1,2,7.0,0,2,26.25,3,0,0,0,0,1,0,1,0,1,0,0,0,0,1,0,0,14.0,8.75
0,1,45.0,0,0,26.55,1,1,1,0,0,1,0,0,1,0,0,1,0,0,1,0,0,45.0,26.55
1,1,30.0,0,0,106.425,1,1,0,1,0,0,0,1,0,0,0,1,0,0,0,0,1,30.0,106.425
0,3,29.69911764705882,0,0,14.5,1,1,0,0,0,1,0,0,1,0,1,0,0,1,0,0,0,89.09735294117647,14.5
1,1,22.0,0,2,49.5,3,0,1,1,0,0,0,1,0,0,1,0,0,0,1,0,0,22.0,16.5
1,1,36.0,0,2,71.0,3,0,1,0,0,1,0,1,0,0,0,1,0,0,0,1,0,36.0,23.666666666666668
0,3,9.0,4,2,31.275,7,0,0,0,0,1,0,1,0,1,0,0,0,0,1,0,0,27.0,4.4678571428571425
0,3,11.0,4,2,31.275,7,0,0,0,0,1,0,1,0,1,0,0,0,0,1,0,0,33.0,4.4678571428571425
1,2,32.0,1,0,26.0,2,0,0,0,0,1,0,0,1,0,0,1,0,0,1,0,0,64.0,13.0
0,1,50.0,1,0,106.425,2,0,1,1,0,0,0,0,1,0,0,0,1,0,0,0,1,50.0,53.2125
0,1,64.0,0,0,26.0,1,1,0,0,0,1,0,0,1,0,0,0,1,0,1,0,0,64.0,26.0
1,2,19.0,1,0,26.0,2,0,0,0,0,1,0,1,0,0,1,0,0,0,1,0,0,38.0,13.0
1,2,29.69911764705882,0,0,13.8625,1,1,0,1,0,0,0,0,1,0,1,0,0,1,0,0,0,59.39823529411764,13.8625
0,3,33.0,1,1,20.525,3,0,0,0,0,1,0,0,1,0,0,1,0,0,1,0,0,99.0,6.841666666666666
1,2,8.0,1,1,36.75,3,0,0,0,0,1,0,0,1,1,0,0,0,0,1,0,0,16.0,12.25
1,1,17.0,0,2,110.8833,3,0,1,1,0,0,0,0,1,1,0,0,0,0,0,0,1,17.0,36.9611
0,2,27.0,0,0,26.0,1,1,0,0,0,1,0,0,1,0,1,0,0,0,1,0,0,54.0,26.0
0,3,29.69911764705882,0,0,7.8292,1,1,0,0,1,0,0,0,1,0,1,0,0,1,0,0,0,89.09735294117647,7.8292
1,3,22.0,0,0,7.225,1,1,0,1,0,0,0,0,1,0,1,0,0,1,0,0,0,66.0,7.225
1,3,22.0,0,0,7.775,1,1,0,0,0,1,0,1,0,0,1,0,0,1,0,0,0,66.0,7.775
0,1,62.0,0,0,26.55,1,1,0,0,0,1,0,0,1,0,0,0,1,0,1,0,0,62.0,26.55
1,1,48.0,1,0,39.6,2,0,1,1,0,0,0,1,0,0,0,1,0,0,1,0,0,48.0,19.8
0,1,29.69911764705882,0,0,227.525,1,1,0,1,0,0,0,0,1,0,1,0,0,0,0,0,1,29.69911764705882,227.525
1,1,39.0,1,1,79.65,3,0,1,0,0,1,0,1,0,0,0,1,0,0,0,1,0,39.0,26.55
1,3,36.0,1,0,17.4,2,0,0,0,0,1,0,1,0,0,0,1,0,1,0,0,0,108.0,8.7
0,3,29.69911764705882,0,0,7.75,1,1,0,0,1,0,0,0,1,0,1,0,0,1,0,0,0,89.09735294117647,7.75
0,3,40.0,0,0,7.8958,1,1,0,0,0,1,0,0,1,0,0,1,0,1,0,0,0,120.0,7.8958
0,2,28.0,0,0,13.5,1,1,0,0,0,1,0,0,1,0,1,0,0,1,0,0,0,56.0,13.5
0,3,29.69911764705882,0,0,8.05,1,1,0,0,0,1,0,0,1,0,1,0,0,1,0,0,0,89.09735294117647,8.05
0,3,29.69911764705882,0,0,8.05,1,1,0,0,0,1,0,1,0,0,1,0,0,1,0,0,0,89.09735294117647,8.05
0,3,24.0,2,0,24.15,3,0,0,0,0,1,0,0,1,0,1,0,0,0,1,0,0,72.0,8.049999999999999
0,3,19.0,0,0,7.8958,1,1,0,0,0,1,0,0,1,0,1,0,0,1,0,0,0,57.0,7.8958
0,3,29.0,0,4,21.075,5,0,0,0,0,1,0,1,0,0,1,0,0,0,1,0,0,87.0,4.215
0,3,29.69911764705882,0,0,7.2292,1,1,0,1,0,0,0,0,1,0,1,0,0,1,0,0,0,89.09735294117647,7.2292
1,3,32.0,0,0,7.8542,1,1,0,0,0,1,0,0,1,0,0,1,0,1,0,0,0,96.0,7.8542
1,2,62.0,0,0,10.5,1,1,0,0,0,1,0,0,1,0,0,0,1,1,0,0,0,124.0,10.5
1,1,53.0,2,0,51.4792,3,0,1,0,0,1,0,1,0,0,0,0,1,0,0,1,0,53.0,17.15973333333333
1,1,36.0,0,0,26.3875,1,1,1,0,0,1,0,0,1,0,0,1,0,0,1,0,0,36.0,26.3875
1,3,29.69911764705882,0,0,7.75,1,1,0,0,1,0,0,1,0,0,1,0,0,1,0,0,0,89.09735294117647,7.75
0,3,16.0,0,0,8.05,1,1,0,0,0,1,0,0,1,1,0,0,0,1,0,0,0,48.0,8.05
0,3,19.0,0,0,14.5,1,1,0,0,0,1,0,0,1,0,1,0,0,1,0,0,0,57.0,14.5
1,2,34.0,0,0,13.0,1,1,0,0,0,1,0,1,0,0,0,1,0,1,0,0,0,68.0,13.0
1,1,39.0,1,0,55.9,2,0,1,0,0,1,0,1,0,0,0,1,0,0,0,1,0,39.0,27.95
0,3,29.69911764705882,1,0,14.4583,2,0,0,1,0,0,0,1,0,0,1,0,0,1,0,0,0,89.09735294117647,7.22915
1,3,32.0,0,0,7.925,1,1,0,0,0,1,0,0,1,0,0,1,0,1,0,0,0,96.0,7.925
1,2,25.0,1,1,30.0,3,0,0,0,0,1,0,1,0,0,1,0,0,0,1,0,0,50.0,10.0
1,1,39.0,1,1,110.8833,3,0,1,1,0,0,0,1,0,0,0,1,0,0,0,0,1,39.0,36.9611
0,2,54.0,0,0,26.0,1,1,0,0,0,1,0,0,1,0,0,0,1,0,1,0,0,108.0,26.0
0,1,36.0,0,0,40.125,1,1,1,1,0,0,0,0,1,0,0,1,0,0,1,0,0,36.0,40.125
0,3,29.69911764705882,0,0,8.7125,1,1,0,1,0,0,0,0,1,0,1,0,0,1,0,0,0,89.09735294117647,8.7125
1,1,18.0,0,2,79.65,3,0,1,0,0,1,0,1,0,0,1,0,0,0,0,1,0,18.0,26.55
0,2,47.0,0,0,15.0,1,1,0,0,0,1,0,0,1,0,0,1,0,1,0,0,0,94.0,15.0
1,1,60.0,1,1,79.2,3,0,1,1,0,0,0,0,1,0,0,0,1,0,0,1,0,60.0,26.400000000000002
0,3,22.0,0,0,8.05,1,1,0,0,0,1,0,0,1,0,1,0,0,1,0,0,0,66.0,8.05
0,3,29.69911764705882,0,0,8.05,1,1,0,0,0,1,0,0,1,0,1,0,0,1,0,0,0,89.09735294117647,8.05
0,3,35.0,0,0,7.125,1,1,0,0,0,1,0,0,1,0,0,1,0,1,0,0,0,105.0,7.125
1,1,52.0,1,0,78.2667,2,0,1,1,0,0,0,1,0,0,0,0,1,0,0,1,0,52.0,39.13335
0,3,47.0,0,0,7.25,1,1,0,0,0,1,0,0,1,0,0,1,0,1,0,0,0,141.0,7.25
0,3,29.69911764705882,0,2,7.75,3,0,0,0,1,0,0,1,0,0,1,0,0,1,0,0,0,89.09735294117647,2.5833333333333335
0,2,37.0,1,0,26.0,2,0,0,0,0,1,0,0,1,0,0,1,0,0,1,0,0,74.0,13.0
0,3,36.0,1,1,24.15,3,0,0,0,0,1,0,0,1,0,0,1,0,0,1,0,0,108.0,8.049999999999999
1,2,29.69911764705882,0,0,33.0,1,1,0,0,0,1,0,1,0,0,1,0,0,0,1,0,0,59.39823529411764,33.0
0,3,49.0,0,0,0.0,1,1,0,0,0,1,0,0,1,0,0,1,0,1,0,0,0,147.0,0.0
0,3,29.69911764705882,0,0,7.225,1,1,0,1,0,0,0,0,1,0,1,0,0,1,0,0,0,89.09735294117647,7.225
1,1,49.0,1,0,56.9292,2,0,1,1,0,0,0,0,1,0,0,1,0,0,0,1,0,49.0,28.4646
1,2,24.0,2,1,27.0,4,0,0,0,0,1,0,1,0,0,1,0,0,0,1,0,0,48.0,6.75
0,3,29.69911764705882,0,0,7.8958,1,1,0,0,0,1,0,0,1,0,1,0,0,1,0,0,0,89.09735294117647,7.8958
0,1,29.69911764705882,0,0,42.4,1,1,0,0,0,1,0,0,1,0,1,0,0,0,1,0,0,29.69911764705882,42.4
0,3,44.0,0,0,8.05,1,1,0,0,0,1,0,0,1,0,0,1,0,1,0,0,0,132.0,8.05
1,1,35.0,0,0,26.55,1,1,0,1,0,0,0,0,1,0,0,1,0,0,1,0,0,35.0,26.55
0,3,36.0,1,0,15.55,2,0,0,0,0,1,0,0,1,0,0,1,0,1,0,0,0,108.0,7.775
0,3,30.0,0,0,7.8958,1,1,0,0,0,1,0,0,1,0,0,1,0,1,0,0,0,90.0,7.8958
1,1,27.0,0,0,30.5,1,1,0,0,0,1,0,0,1,0,1,0,0,0,1,0,0,27.0,30.5
1,2,22.0,1,2,41.5792,4,0,0,1,0,0,0,1,0,0,1,0,0,0,1,0,0,44.0,10.3948
1,1,40.0,0,0,153.4625,1,1,1,0,0,1,0,1,0,0,0,1,0,0,0,0,1,40.0,153.4625
0,3,39.0,1,5,31.275,7,0,0,0,0,1,0,1,0,0,0,1,0,0,1,0,0,117.0,4.4678571428571425
0,3,29.69911764705882,0,0,7.05,1,1,0,0,0,1,0,0,1,0,1,0,0,1,0,0,0,89.09735294117647,7.05
1,3,29.69911764705882,1,0,15.5,2,0,0,0,1,0,0,1,0,0,1,0,0,1,0,0,0,89.09735294117647,7.75
0,3,29.69911764705882,0,0,7.75,1,1,0,0,1,0,0,0,1,0,1,0,0,1,0,0,0,89.09735294117647,7.75
0,3,35.0,0,0,8.05,1,1,0,0,0,1,0,0,1,0,0,1,0,1,0,0,0,105.0,8.05
1,2,24.0,1,2,65.0,4,0,0,0,0,1,0,1,0,0,1,0,0,0,0,1,0,48.0,16.25
0,3,34.0,1,1,14.4,3,0,0,0,0,1,0,0,1,0,0,1,0,1,0,0,0,102.0,4.8
0,3,26.0,1,0,16.1,2,0,0,0,0,1,0,1,0,0,1,0,0,1,0,0,0,78.0,8.05
1,2,4.0,2,1,39.0,4,0,1,0,0,1,0,1,0,1,0,0,0,0,1,0,0,8.0,9.75
0,2,26.0,0,0,10.5,1,1,0,0,0,1,0,0,1,0,1,0,0,1,0,0,0,52.0,10.5
0,3,27.0,1,0,14.4542,2,0,0,1,0,0,0,0,1,0,1,0,0,1,0,0,0,81.0,7.2271
1,1,42.0,1,0,52.5542,2,0,1,0,0,1,0,0,1,0,0,1,0,0,0,1,0,42.0,26.2771
1,3,20.0,1,1,15.7417,3,0,0,1,0,0,0,0,1,0,1,0,0,1,0,0,0,60.0,5.247233333333333
0,3,21.0,0,0,7.8542,1,1,0,0,0,1,0,0,1,0,1,0,0,1,0,0,0,63.0,7.8542
0,3,21.0,0,0,16.1,1,1,0,0,0,1,0,0,1,0,1,0,0,1,0,0,0,63.0,16.1
0,1,61.0,0,0,32.3208,1,1,1,0,0,1,0,0,1,0,0,0,1,0,1,0,0,61.0,32.3208
0,2,57.0,0,0,12.35,1,1,0,0,1,0,0,0,1,0,0,0,1,1,0,0,0,114.0,12.35
1,1,21.0,0,0,77.9583,1,1,1,0,0,1,0,1,0,0,1,0,0,0,0,1,0,21.0,77.9583
0,3,26.0,0,0,7.8958,1,1,0,0,0,1,0,0,1,0,1,0,0,1,0,0,0,78.0,7.8958
0,3,29.69911764705882,0,0,7.7333,1,1,0,0,1,0,0,0,1,0,1,0,0,1,0,0,0,89.09735294117647,7.7333
1,1,80.0,0,0,30.0,1,1,1,0,0,1,0,0,1,0,0,0,1,0,1,0,0,80.0,30.0
0,3,51.0,0,0,7.0542,1,1,0,0,0,1,0,0,1,0,0,0,1,1,0,0,0,153.0,7.0542
1,1,32.0,0,0,30.5,1,1,1,1,0,0,0,0,1,0,0,1,0,0,1,0,0,32.0,30.5
0,1,29.69911764705882,0,0,0.0,1,1,0,0,0,1,0,0,1,0,1,0,0,1,0,0,0,29.69911764705882,0.0
0,3,9.0,3,2,27.9,6,0,0,0,0,1,0,1,0,1,0,0,0,0,1,0,0,27.0,4.6499999999999995
1,2,28.0,0,0,13.0,1,1,0,0,0,1,0,1,0,0,1,0,0,1,0,0,0,56.0,13.0
0,3,32.0,0,0,7.925,1,1,0,0,0,1,0,0,1,0,0,1,0,1,0,0,0,96.0,7.925
0,2,31.0,1,1,26.25,3,0,0,0,0,1,0,0,1,0,0,1,0,0,1,0,0,62.0,8.75
0,3,41.0,0,5,39.6875,6,0,0,0,0,1,0,1,0,0,0,1,0,0,1,0,0,123.0,6.614583333333333
0,3,29.69911764705882,1,0,16.1,2,0,0,0,0,1,0,0,1,0,1,0,0,1,0,0,0,89.09735294117647,8.05
0,3,20.0,0,0,7.8542,1,1,0,0,0,1,0,0,1,0,1,0,0,1,0,0,0,60.0,7.8542
1,1,24.0,0,0,69.3,1,1,1,1,0,0,0,1,0,0,1,0,0,0,0,1,0,24.0,69.3
0,3,2.0,3,2,27.9,6,0,0,0,0,1,0,1,0,1,0,0,0,0,1,0,0,6.0,4.6499999999999995
1,3,29.69911764705882,0,0,56.4958,1,1,0,0,0,1,0,0,1,0,1,0,0,0,0,1,0,89.09735294117647,56.4958
1,3,0.75,2,1,19.2583,4,0,0,1,0,0,0,1,0,1,0,0,0,1,0,0,0,2.25,4.814575
1,1,48.0,1,0,76.7292,2,0,1,1,0,0,0,0,1,0,0,1,0,0,0,1,0,48.0,38.3646
0,3,19.0,0,0,7.8958,1,1,0,0,0,1,0,0,1,0,1,0,0,1,0,0,0,57.0,7.8958
1,1,56.0,0,0,35.5,1,1,1,1,0,0,0,0,1,0,0,0,1,0,1,0,0,56.0,35.5
0,3,29.69911764705882,0,0,7.55,1,1,0,0,0,1,0,0,1,0,1,0,0,1,0,0,0,89.09735294117647,7.55
1,3,23.0,0,0,7.55,1,1,0,0,0,1,0,1,0,0,1,0,0,1,0,0,0,69.0,7.55
0,3,29.69911764705882,0,0,7.8958,1,1,0,0,0,1,0,0,1,0,1,0,0,1,0,0,0,89.09735294117647,7.8958
1,2,18.0,0,1,23.0,2,0,0,0,0,1,0,1,0,0,1,0,0,0,1,0,0,36.0,11.5
0,3,21.0,0,0,8.4333,1,1,0,0,0,1,0,0,1,0,1,0,0,1,0,0,0,63.0,8.4333
1,3,29.69911764705882,0,0,7.8292,1,1,0,0,1,0,0,1,0,0,1,0,0,1,0,0,0,89.09735294117647,7.8292
0,3,18.0,0,0,6.75,1,1,0,0,1,0,0,1,0,0,1,0,0,1,0,0,0,54.0,6.75
0,2,24.0,2,0,73.5,3,0,0,0,0,1,0,0,1,0,1,0,0,0,0,1,0,48.0,24.5
0,3,29.69911764705882,0,0,7.8958,1,1,0,0,0,1,0,0,1,0,1,0,0,1,0,0,0,89.09735294117647,7.8958
0,3,32.0,1,1,15.5,3,0,0,0,1,0,0,1,0,0,0,1,0,1,0,0,0,96.0,5.166666666666667
0,2,23.0,0,0,13.0,1,1,0,0,0,1,0,0,1,0,1,0,0,1,0,0,0,46.0,13.0
0,1,58.0,0,2,113.275,3,0,1,1,0,0,0,0,1,0,0,0,1,0,0,0,1,58.0,37.75833333333333
1,1,50.0,2,0,133.65,3,0,0,0,0,1,0,0,1,0,0,0,1,0,0,0,1,50.0,44.550000000000004
0,3,40.0,0,0,7.225,1,1,0,1,0,0,0,0,1,0,0,1,0,1,0,0,0,120.0,7.225
0,1,47.0,0,0,25.5875,1,1,1,0,0,1,0,0,1,0,0,1,0,0,1,0,0,47.0,25.5875
0,3,36.0,0,0,7.4958,1,1,0,0,0,1,0,0,1,0,0,1,0,1,0,0,0,108.0,7.4958
1,3,20.0,1,0,7.925,2,0,0,0,0,1,0,0,1,0,1,0,0,1,0,0,0,60.0,3.9625
0,2,32.0,2,0,73.5,3,0,0,0,0,1,0,0,1,0,0,1,0,0,0,1,0,64.0,24.5
0,2,25.0,0,0,13.0,1,1,0,0,0,1,0,0,1,0,1,0,0,1,0,0,0,50.0,13.0
0,3,29.69911764705882,0,0,7.775,1,1,0,0,0,1,0,0,1,0,1,0,0,1,0,0,0,89.09735294117647,7.775
0,3,43.0,0,0,8.05,1,1,0,0,0,1,0,0,1,0,0,1,0,1,0,0,0,129.0,8.05
1,1,29.69911764705882,1,0,52.0,2,0,1,0,0,1,0,1,0,0,1,0,0,0,0,1,0,29.69911764705882,26.0
1,2,40.0,1,1,39.0,3,0,0,0,0,1,0,1,0,0,0,1,0,0,1,0,0,80.0,13.0
0,1,31.0,1,0,52.0,2,0,1,0,0,1,0,0,1,0,0,1,0,0,0,1,0,31.0,26.0
0,2,70.0,0,0,10.5,1,1,0,0,0,1,0,0,1,0,0,0,1,1,0,0,0,140.0,10.5
1,2,31.0,0,0,13.0,1,1,0,0,0,1,0,0,1,0,0,1,0,1,0,0,0,62.0,13.0
0,2,29.69911764705882,0,0,0.0,1,1,0,0,0,1,0,0,1,0,1,0,0,1,0,0,0,59.39823529411764,0.0
0,3,18.0,0,0,7.775,1,1,0,0,0,1,0,0,1,0,1,0,0,1,0,0,0,54.0,7.775
0,3,24.5,0,0,8.05,1,1,0,0,0,1,0,0,1,0,1,0,0,1,0,0,0,73.5,8.05
1,3,18.0,0,0,9.8417,1,1,0,0,0,1,0,1,0,0,1,0,0,1,0,0,0,54.0,9.8417
0,3,43.0,1,6,46.9,8,0,0,0,0,1,0,1,0,0,0,1,0,0,1,0,0,129.0,5.8625
1,1,36.0,0,1,512.3292,2,0,3,1,0,0,0,0,1,0,0,1,0,0,0,0,1,36.0,256.1646
0,3,29.69911764705882,0,0,8.1375,1,1,0,0,1,0,0,1,0,0,1,0,0,1,0,0,0,89.09735294117647,8.1375
1,1,27.0,0,0,76.7292,1,1,1,1,0,0,0,0,1,0,1,0,0,0,0,1,0,27.0,76.7292
0,3,20.0,0,0,9.225,1,1,0,0,0,1,0,0,1,0,1,0,0,1,0,0,0,60.0,9.225
0,3,14.0,5,2,46.9,8,0,0,0,0,1,0,0,1,1,0,0,0,0,1,0,0,42.0,5.8625
0,2,60.0,1,1,39.0,3,0,0,0,0,1,0,0,1,0,0,0,1,0,1,0,0,120.0,13.0
0,2,25.0,1,2,41.5792,4,0,0,1,0,0,0,0,1,0,1,0,0,0,1,0,0,50.0,10.3948
0,3,14.0,4,1,39.6875,6,0,0,0,0,1,0,0,1,1,0,0,0,0,1,0,0,42.0,6.614583333333333
0,3,19.0,0,0,10.1708,1,1,0,0,0,1,0,0,1,0,1,0,0,1,0,0,0,57.0,10.1708
0,3,18.0,0,0,7.7958,1,1,0,0,0,1,0,0,1,0,1,0,0,1,0,0,0,54.0,7.7958
1,1,15.0,0,1,211.3375,2,0,1,0,0,1,0,1,0,1,0,0,0,0,0,0,1,15.0,105.66875
1,1,31.0,1,0,57.0,2,0,1,0,0,1,0,0,1,0,0,1,0,0,0,1,0,31.0,28.5
1,3,4.0,0,1,13.4167,2,0,0,1,0,0,0,1,0,1,0,0,0,1,0,0,0,12.0,6.70835
1,3,29.69911764705882,0,0,56.4958,1,1,0,0,0,1,0,0,1,0,1,0,0,0,0,1,0,89.09735294117647,56.4958
0,3,25.0,0,0,7.225,1,1,0,1,0,0,0,0,1,0,1,0,0,1,0,0,0,75.0,7.225
0,1,60.0,0,0,26.55,1,1,0,0,0,1,0,0,1,0,0,0,1,0,1,0,0,60.0,26.55
0,2,52.0,0,0,13.5,1,1,0,0,0,1,0,0,1,0,0,0,1,1,0,0,0,104.0,13.5
0,3,44.0,0,0,8.05,1,1,0,0,0,1,0,0,1,0,0,1,0,1,0,0,0,132.0,8.05
1,3,29.69911764705882,0,0,7.7333,1,1,0,0,1,0,0,1,0,0,1,0,0,1,0,0,0,89.09735294117647,7.7333
0,1,49.0,1,1,110.8833,3,0,1,1,0,0,0,0,1,0,0,1,0,0,0,0,1,49.0,36.9611
0,3,42.0,0,0,7.65,1,1,2,0,0,1,0,0,1,0,0,1,0,1,0,0,0,126.0,7.65
1,1,18.0,1,0,227.525,2,0,2,1,0,0,0,1,0,0,1,0,0,0,0,0,1,18.0,113.7625
1,1,35.0,0,0,26.2875,1,1,1,0,0,1,0,0,1,0,0,1,0,0,1,0,0,35.0,26.2875
0,3,18.0,0,1,14.4542,2,0,0,1,0,0,0,1,0,0,1,0,0,1,0,0,0,54.0,7.2271
0,3,25.0,0,0,7.7417,1,1,0,0,1,0,0,0,1,0,1,0,0,1,0,0,0,75.0,7.7417
0,3,26.0,1,0,7.8542,2,0,0,0,0,1,0,0,1,0,1,0,0,1,0,0,0,78.0,3.9271
0,2,39.0,0,0,26.0,1,1,0,0,0,1,0,0,1,0,0,1,0,0,1,0,0,78.0,26.0
1,2,45.0,0,0,13.5,1,1,0,0,0,1,0,1,0,0,0,1,0,1,0,0,0,90.0,13.5
1,1,42.0,0,0,26.2875,1,1,1,0,0,1,0,0,1,0,0,1,0,0,1,0,0,42.0,26.2875
1,1,22.0,0,0,151.55,1,1,0,0,0,1,0,1,0,0,1,0,0,0,0,0,1,22.0,151.55
1,3,29.69911764705882,1,1,15.2458,3,0,0,1,0,0,0,0,1,0,1,0,0,1,0,0,0,89.09735294117647,5.081933333333333
1,1,24.0,0,0,49.5042,1,1,1,1,0,0,0,1,0,0,1,0,0,0,1,0,0,24.0,49.5042
0,1,29.69911764705882,0,0,26.55,1,1,1,0,0,1,0,0,1,0,1,0,0,0,1,0,0,29.69911764705882,26.55
1,1,48.0,1,0,52.0,2,0,1,0,0,1,0,0,1,0,0,1,0,0,0,1,0,48.0,26.0
0,3,29.0,0,0,9.4833,1,1,0,0,0,1,0,0,1,0,1,0,0,1,0,0,0,87.0,9.4833
0,2,52.0,0,0,13.0,1,1,0,0,0,1,0,0,1,0,0,0,1,1,0,0,0,104.0,13.0
0,3,19.0,0,0,7.65,1,1,2,0,0,1,0,0,1,0,1,0,0,1,0,0,0,57.0,7.65
1,1,38.0,0,0,227.525,1,1,1,1,0,0,0,1,0,0,0,1,0,0,0,0,1,38.0,227.525
1,2,27.0,0,0,10.5,1,1,1,0,0,1,0,1,0,0,1,0,0,1,0,0,0,54.0,10.5
0,3,29.69911764705882,0,0,15.5,1,1,0,0,1,0,0,0,1,0,1,0,0,1,0,0,0,89.09735294117647,15.5
0,3,33.0,0,0,7.775,1,1,0,0,0,1,0,0,1,0,0,1,0,1,0,0,0,99.0,7.775
1,2,6.0,0,1,33.0,2,0,0,0,0,1,0,1,0,1,0,0,0,0,1,0,0,12.0,16.5
0,3,17.0,1,0,7.0542,2,0,0,0,0,1,0,0,1,1,0,0,0,1,0,0,0,51.0,3.5271
0,2,34.0,0,0,13.0,1,1,0,0,0,1,0,0,1,0,0,1,0,1,0,0,0,68.0,13.0
0,2,50.0,0,0,13.0,1,1,0,0,0,1,0,0,1,0,0,0,1,1,0,0,0,100.0,13.0
1,1,27.0,1,0,53.1,2,0,1,0,0,1,0,0,1,0,1,0,0,0,0,1,0,27.0,26.55
0,3,20.0,0,0,8.6625,1,1,0,0,0,1,0,0,1,0,1,0,0,1,0,0,0,60.0,8.6625
1,2,30.0,3,0,21.0,4,0,0,0,0,1,0,1,0,0,0,1,0,0,1,0,0,60.0,5.25
1,3,29.69911764705882,0,0,7.7375,1,1,0,0,1,0,0,1,0,0,1,0,0,1,0,0,0,89.09735294117647,7.7375
0,2,25.0,1,0,26.0,2,0,0,0,0,1,0,0,1,0,1,0,0,0,1,0,0,50.0,13.0
0,3,25.0,1,0,7.925,2,0,0,0,0,1,0,1,0,0,1,0,0,1,0,0,0,75.0,3.9625
1,1,29.0,0,0,211.3375,1,1,1,0,0,1,0,1,0,0,1,0,0,0,0,0,1,29.0,211.3375
0,3,11.0,0,0,18.7875,1,1,0,1,0,0,0,0,1,1,0,0,0,1,0,0,0,33.0,18.7875
0,2,29.69911764705882,0,0,0.0,1,1,0,0,0,1,0,0,1,0,1,0,0,1,0,0,0,59.39823529411764,0.0
0,2,23.0,0,0,13.0,1,1,0,0,0,1,0,0,1,0,1,0,0,1,0,0,0,46.0,13.0
0,2,23.0,0,0,13.0,1,1,0,0,0,1,0,0,1,0,1,0,0,1,0,0,0,46.0,13.0
0,3,28.5,0,0,16.1,1,1,0,0,0,1,0,0,1,0,1,0,0,1,0,0,0,85.5,16.1
0,3,48.0,1,3,34.375,5,0,0,0,0,1,0,1,0,0,0,1,0,0,1,0,0,144.0,6.875
1,1,35.0,0,0,512.3292,1,1,1,1,0,0,0,0,1,0,0,1,0,0,0,0,1,35.0,512.3292
0,3,29.69911764705882,0,0,7.8958,1,1,0,0,0,1,0,0,1,0,1,0,0,1,0,0,0,89.09735294117647,7.8958
0,3,29.69911764705882,0,0,7.8958,1,1,0,0,0,1,0,0,1,0,1,0,0,1,0,0,0,89.09735294117647,7.8958
1,1,29.69911764705882,0,0,30.0,1,1,1,0,0,1,0,0,1,0,1,0,0,0,1,0,0,29.69911764705882,30.0
0,1,36.0,1,0,78.85,2,0,1,0,0,1,0,0,1,0,0,1,0,0,0,1,0,36.0,39.425
1,1,21.0,2,2,262.375,5,0,4,1,0,0,0,1,0,0,1,0,0,0,0,0,1,21.0,52.475
0,3,24.0,1,0,16.1,2,0,0,0,0,1,0,0,1,0,1,0,0,1,0,0,0,72.0,8.05
1,3,31.0,0,0,7.925,1,1,0,0,0,1,0,0,1,0,0,1,0,1,0,0,0,93.0,7.925
0,1,70.0,1,1,71.0,3,0,1,0,0,1,0,0,1,0,0,0,1,0,0,1,0,70.0,23.666666666666668
0,3,16.0,1,1,20.25,3,0,0,0,0,1,0,0,1,1,0,0,0,0,1,0,0,48.0,6.75
1,2,30.0,0,0,13.0,1,1,0,0,0,1,0,1,0,0,0,1,0,1,0,0,0,60.0,13.0
0,1,19.0,1,0,53.1,2,0,1,0,0,1,0,0,1,0,1,0,0,0,0,1,0,19.0,26.55
0,3,31.0,0,0,7.75,1,1,0,0,1,0,0,0,1,0,0,1,0,1,0,0,0,93.0,7.75
1,2,4.0,1,1,23.0,3,0,0,0,0,1,0,1,0,1,0,0,0,0,1,0,0,8.0,7.666666666666667
1,3,6.0,0,1,12.475,2,0,1,0,0,1,0,0,1,1,0,0,0,1,0,0,0,18.0,6.2375
0,3,33.0,0,0,9.5,1,1,0,0,0,1,0,0,1,0,0,1,0,1,0,0,0,99.0,9.5
0,3,23.0,0,0,7.8958,1,1,0,0,0,1,0,0,1,0,1,0,0,1,0,0,0,69.0,7.8958
1,2,48.0,1,2,65.0,4,0,0,0,0,1,0,1,0,0,0,1,0,0,0,1,0,96.0,16.25
1,2,0.67,1,1,14.5,3,0,0,0,0,1,0,0,1,1,0,0,0,1,0,0,0,1.34,4.833333333333333
0,3,28.0,0,0,7.7958,1,1,0,0,0,1,0,0,1,0,1,0,0,1,0,0,0,84.0,7.7958
0,2,18.0,0,0,11.5,1,1,0,0,0,1,0,0,1,0,1,0,0,1,0,0,0,36.0,11.5
0,3,34.0,0,0,8.05,1,1,0,0,0,1,0,0,1,0,0,1,0,1,0,0,0,102.0,8.05
1,1,33.0,0,0,86.5,1,1,1,0,0,1,0,1,0,0,0,1,0,0,0,1,0,33.0,86.5
0,3,29.69911764705882,0,0,14.5,1,1,0,0,0,1,0,0,1,0,1,0,0,1,0,0,0,89.09735294117647,14.5
0,3,41.0,0,0,7.125,1,1,0,0,0,1,0,0,1,0,0,1,0,1,0,0,0,123.0,7.125
1,3,20.0,0,0,7.2292,1,1,0,1,0,0,0,0,1,0,1,0,0,1,0,0,0,60.0,7.2292
1,1,36.0,1,2,120.0,4,0,2,0,0,1,0,1,0,0,0,1,0,0,0,0,1,36.0,30.0
0,3,16.0,0,0,7.775,1,1,0,0,0,1,0,0,1,1,0,0,0,1,0,0,0,48.0,7.775
1,1,51.0,1,0,77.9583,2,0,1,0,0,1,0,1,0,0,0,0,1,0,0,1,0,51.0,38.97915
0,1,29.69911764705882,0,0,39.6,1,1,0,1,0,0,0,0,1,0,1,0,0,0,1,0,0,29.69911764705882,39.6
0,3,30.5,0,0,7.75,1,1,0,0,1,0,0,1,0,0,0,1,0,1,0,0,0,91.5,7.75
0,3,29.69911764705882,1,0,24.15,2,0,0,0,1,0,0,0,1,0,1,0,0,0,1,0,0,89.09735294117647,12.075
0,3,32.0,0,0,8.3625,1,1,0,0,0,1,0,0,1,0,0,1,0,1,0,0,0,96.0,8.3625
0,3,24.0,0,0,9.5,1,1,0,0,0,1,0,0,1,0,1,0,0,1,0,0,0,72.0,9.5
0,3,48.0,0,0,7.8542,1,1,0,0,0,1,0,0,1,0,0,1,0,1,0,0,0,144.0,7.8542
0,2,57.0,0,0,10.5,1,1,1,0,0,1,0,1,0,0,0,0,1,1,0,0,0,114.0,10.5
0,3,29.69911764705882,0,0,7.225,1,1,0,1,0,0,0,0,1,0,1,0,0,1,0,0,0,89.09735294117647,7.225
1,2,54.0,1,3,23.0,5,0,0,0,0,1,0,1,0,0,0,0,1,0,1,0,0,108.0,4.6
0,3,18.0,0,0,7.75,1,1,0,0,0,1,0,0,1,0,1,0,0,1,0,0,0,54.0,7.75
0,3,29.69911764705882,0,0,7.75,1,1,1,0,1,0,0,0,1,0,1,0,0,1,0,0,0,89.09735294117647,7.75
1,3,5.0,0,0,12.475,1,1,0,0,0,1,0,1,0,1,0,0,0,1,0,0,0,15.0,12.475
0,3,29.69911764705882,0,0,7.7375,1,1,0,0,1,0,0,0,1,0,1,0,0,1,0,0,0,89.09735294117647,7.7375
1,1,43.0,0,1,211.3375,2,0,1,0,0,1,0,1,0,0,0,1,0,0,0,0,1,43.0,105.66875
1,3,13.0,0,0,7.2292,1,1,0,1,0,0,0,1,0,1,0,0,0,1,0,0,0,39.0,7.2292
1,1,17.0,1,0,57.0,2,0,1,0,0,1,0,1,0,1,0,0,0,0,0,1,0,17.0,28.5
0,1,29.0,0,0,30.0,1,1,1,0,0,1,0,0,1,0,1,0,0,0,1,0,0,29.0,30.0
0,3,29.69911764705882,1,2,23.45,4,0,0,0,0,1,0,0,1,0,1,0,0,0,1,0,0,89.09735294117647,5.8625
0,3,25.0,0,0,7.05,1,1,0,0,0,1,0,0,1,0,1,0,0,1,0,0,0,75.0,7.05
0,3,25.0,0,0,7.25,1,1,0,0,0,1,0,0,1,0,1,0,0,1,0,0,0,75.0,7.25
1,3,18.0,0,0,7.4958,1,1,0,0,0,1,0,1,0,0,1,0,0,1,0,0,0,54.0,7.4958
0,3,8.0,4,1,29.125,6,0,0,0,1,0,0,0,1,1,0,0,0,0,1,0,0,24.0,4.854166666666667
1,3,1.0,1,2,20.575,4,0,0,0,0,1,0,0,1,1,0,0,0,0,1,0,0,3.0,5.14375
0,1,46.0,0,0,79.2,1,1,2,1,0,0,0,0,1,0,0,1,0,0,0,1,0,46.0,79.2
0,3,29.69911764705882,0,0,7.75,1,1,0,0,1,0,0,0,1,0,1,0,0,1,0,0,0,89.09735294117647,7.75
0,2,16.0,0,0,26.0,1,1,0,0,0,1,0,0,1,1,0,0,0,0,1,0,0,32.0,26.0
0,3,29.69911764705882,8,2,69.55,11,0,0,0,0,1,0,1,0,0,1,0,0,0,0,1,0,89.09735294117647,6.322727272727272
0,1,29.69911764705882,0,0,30.6958,1,1,0,1,0,0,0,0,1,0,1,0,0,0,1,0,0,29.69911764705882,30.6958
0,3,25.0,0,0,7.8958,1,1,0,0,0,1,0,0,1,0,1,0,0,1,0,0,0,75.0,7.8958
0,2,39.0,0,0,13.0,1,1,0,0,0,1,0,0,1,0,0,1,0,1,0,0,0,78.0,13.0
1,1,49.0,0,0,25.9292,1,1,1,0,0,1,0,1,0,0,0,1,0,0,1,0,0,49.0,25.9292
1,3,31.0,0,0,8.6833,1,1,0,0,0,1,0,1,0,0,0,1,0,1,0,0,0,93.0,8.6833
0,3,30.0,0,0,7.2292,1,1,0,1,0,0,0,0,1,0,0,1,0,1,0,0,0,90.0,7.2292
0,3,30.0,1,1,24.15,3,0,0,0,0,1,0,1,0,0,0,1,0,0,1,0,0,90.0,8.049999999999999
0,2,34.0,0,0,13.0,1,1,0,0,0,1,0,0,1,0,0,1,0,1,0,0,0,68.0,13.0
1,2,31.0,1,1,26.25,3,0,0,0,0,1,0,1,0,0,0,1,0,0,1,0,0,62.0,8.75
1,1,11.0,1,2,120.0,4,0,2,0,0,1,0,0,1,1,0,0,0,0,0,0,1,11.0,30.0
1,3,0.42,0,1,8.5167,2,0,0,1,0,0,0,0,1,1,0,0,0,1,0,0,0,1.26,4.25835
1,3,27.0,0,0,6.975,1,1,0,0,0,1,0,0,1,0,1,0,0,1,0,0,0,81.0,6.975
0,3,31.0,0,0,7.775,1,1,0,0,0,1,0,0,1,0,0,1,0,1,0,0,0,93.0,7.775
0,1,39.0,0,0,0.0,1,1,1,0,0,1,0,0,1,0,0,1,0,1,0,0,0,39.0,0.0
0,3,18.0,0,0,7.775,1,1,0,0,0,1,0,1,0,0,1,0,0,1,0,0,0,54.0,7.775
0,2,39.0,0,0,13.0,1,1,0,0,0,1,0,0,1,0,0,1,0,1,0,0,0,78.0,13.0
1,1,33.0,1,0,53.1,2,0,1,0,0,1,0,1,0,0,0,1,0,0,0,1,0,33.0,26.55
0,3,26.0,0,0,7.8875,1,1,0,0,0,1,0,0,1,0,1,0,0,1,0,0,0,78.0,7.8875
0,3,39.0,0,0,24.15,1,1,0,0,0,1,0,0,1,0,0,1,0,0,1,0,0,117.0,24.15
0,2,35.0,0,0,10.5,1,1,0,0,0,1,0,0,1,0,0,1,0,1,0,0,0,70.0,10.5
0,3,6.0,4,2,31.275,7,0,0,0,0,1,0,1,0,1,0,0,0,0,1,0,0,18.0,4.4678571428571425
0,3,30.5,0,0,8.05,1,1,0,0,0,1,0,0,1,0,0,1,0,1,0,0,0,91.5,8.05
0,1,29.69911764705882,0,0,0.0,1,1,1,0,0,1,0,0,1,0,1,0,0,1,0,0,0,29.69911764705882,0.0
0,3,23.0,0,0,7.925,1,1,0,0,0,1,0,1,0,0,1,0,0,1,0,0,0,69.0,7.925
0,2,31.0,1,1,37.0042,3,0,0,1,0,0,0,0,1,0,0,1,0,0,1,0,0,62.0,12.334733333333332
0,3,43.0,0,0,6.45,1,1,0,0,0,1,0,0,1,0,0,1,0,1,0,0,0,129.0,6.45
0,3,10.0,3,2,27.9,6,0,0,0,0,1,0,0,1,1,0,0,0,0,1,0,0,30.0,4.6499999999999995
1,1,52.0,1,1,93.5,3,0,1,0,0,1,0,1,0,0,0,0,1,0,0,1,0,52.0,31.166666666666668
1,3,27.0,0,0,8.6625,1,1,0,0,0,1,0,0,1,0,1,0,0,1,0,0,0,81.0,8.6625
0,1,38.0,0,0,0.0,1,1,0,0,0,1,0,0,1,0,0,1,0,1,0,0,0,38.0,0.0
1,3,27.0,0,1,12.475,2,0,1,0,0,1,0,1,0,0,1,0,0,1,0,0,0,81.0,6.2375
0,3,2.0,4,1,39.6875,6,0,0,0,0,1,0,0,1,1,0,0,0,0,1,0,0,6.0,6.614583333333333
0,3,29.69911764705882,0,0,6.95,1,1,0,0,1,0,0,0,1,0,1,0,0,1,0,0,0,89.09735294117647,6.95
0,3,29.69911764705882,0,0,56.4958,1,1,0,0,0,1,0,0,1,0,1,0,0,0,0,1,0,89.09735294117647,56.4958
1,2,1.0,0,2,37.0042,3,0,0,1,0,0,0,0,1,1,0,0,0,0,1,0,0,2.0,12.334733333333332
1,3,29.69911764705882,0,0,7.75,1,1,0,0,1,0,0,0,1,0,1,0,0,1,0,0,0,89.09735294117647,7.75
1,1,62.0,0,0,80.0,1,1,1,0,0,0,1,1,0,0,0,0,1,0,0,1,0,62.0,80.0
1,3,15.0,1,0,14.4542,2,0,0,1,0,0,0,1,0,1,0,0,0,1,0,0,0,45.0,7.2271
1,2,0.83,1,1,18.75,3,0,0,0,0,1,0,0,1,1,0,0,0,1,0,0,0,1.66,6.25
0,3,29.69911764705882,0,0,7.2292,1,1,0,1,0,0,0,0,1,0,1,0,0,1,0,0,0,89.09735294117647,7.2292
0,3,23.0,0,0,7.8542,1,1,0,0,0,1,0,0,1,0,1,0,0,1,0,0,0,69.0,7.8542
0,3,18.0,0,0,8.3,1,1,0,0,0,1,0,0,1,0,1,0,0,1,0,0,0,54.0,8.3
1,1,39.0,1,1,83.1583,3,0,1,1,0,0,0,1,0,0,0,1,0,0,0,1,0,39.0,27.71943333333333
0,3,21.0,0,0,8.6625,1,1,0,0,0,1,0,0,1,0,1,0,0,1,0,0,0,63.0,8.6625
0,3,29.69911764705882,0,0,8.05,1,1,0,0,0,1,0,0,1,0,1,0,0,1,0,0,0,89.09735294117647,8.05
1,3,32.0,0,0,56.4958,1,1,0,0,0,1,0,0,1,0,0,1,0,0,0,1,0,96.0,56.4958
1,1,29.69911764705882,0,0,29.7,1,1,1,1,0,0,0,0,1,0,1,0,0,0,1,0,0,29.69911764705882,29.7
0,3,20.0,0,0,7.925,1,1,0,0,0,1,0,0,1,0,1,0,0,1,0,0,0,60.0,7.925
0,2,16.0,0,0,10.5,1,1,0,0,0,1,0,0,1,1,0,0,0,1,0,0,0,32.0,10.5
1,1,30.0,0,0,31.0,1,1,0,1,0,0,0,1,0,0,0,1,0,0,1,0,0,30.0,31.0
0,3,34.5,0,0,6.4375,1,1,0,1,0,0,0,0,1,0,0,1,0,1,0,0,0,103.5,6.4375
0,3,17.0,0,0,8.6625,1,1,0,0,0,1,0,0,1,1,0,0,0,1,0,0,0,51.0,8.6625
0,3,42.0,0,0,7.55,1,1,0,0,0,1,0,0,1,0,0,1,0,1,0,0,0,126.0,7.55
0,3,29.69911764705882,8,2,69.55,11,0,0,0,0,1,0,0,1,0,1,0,0,0,0,1,0,89.09735294117647,6.322727272727272
0,3,35.0,0,0,7.8958,1,1,0,1,0,0,0,0,1,0,0,1,0,1,0,0,0,105.0,7.8958
0,2,28.0,0,1,33.0,2,0,0,0,0,1,0,0,1,0,1,0,0,0,1,0,0,56.0,16.5
1,1,29.69911764705882,1,0,89.1042,2,0,1,1,0,0,0,1,0,0,1,0,0,0,0,1,0,29.69911764705882,44.5521
0,3,4.0,4,2,31.275,7,0,0,0,0,1,0,0,1,1,0,0,0,0,1,0,0,12.0,4.4678571428571425
0,3,74.0,0,0,7.775,1,1,0,0,0,1,0,0,1,0,0,0,1,1,0,0,0,222.0,7.775
0,3,9.0,1,1,15.2458,3,0,0,1,0,0,0,1,0,1,0,0,0,1,0,0,0,27.0,5.081933333333333
1,1,16.0,0,1,39.4,2,0,1,0,0,1,0,1,0,1,0,0,0,0,1,0,0,16.0,19.7
0,2,44.0,1,0,26.0,2,0,0,0,0,1,0,1,0,0,0,1,0,0,1,0,0,88.0,13.0
1,3,18.0,0,1,9.35,2,0,0,0,0,1,0,1,0,0,1,0,0,1,0,0,0,54.0,4.675
1,1,45.0,1,1,164.8667,3,0,0,0,0,1,0,1,0,0,0,1,0,0,0,0,1,45.0,54.95556666666667
1,1,51.0,0,0,26.55,1,1,1,0,0,1,0,0,1,0,0,0,1,0,1,0,0,51.0,26.55
1,3,24.0,0,3,19.2583,4,0,0,1,0,0,0,1,0,0,1,0,0,1,0,0,0,72.0,4.814575
0,3,29.69911764705882,0,0,7.2292,1,1,0,1,0,0,0,0,1,0,1,0,0,1,0,0,0,89.09735294117647,7.2292
0,3,41.0,2,0,14.1083,3,0,0,0,0,1,0,0,1,0,0,1,0,1,0,0,0,123.0,4.702766666666666
0,2,21.0,1,0,11.5,2,0,0,0,0,1,0,0,1,0,1,0,0,1,0,0,0,42.0,5.75
1,1,48.0,0,0,25.9292,1,1,1,0,0,1,0,1,0,0,0,1,0,0,1,0,0,48.0,25.9292
0,3,29.69911764705882,8,2,69.55,11,0,0,0,0,1,0,1,0,0,1,0,0,0,0,1,0,89.09735294117647,6.322727272727272
0,2,24.0,0,0,13.0,1,1,0,0,0,1,0,0,1,0,1,0,0,1,0,0,0,48.0,13.0
1,2,42.0,0,0,13.0,1,1,0,0,0,1,0,1,0,0,0,1,0,1,0,0,0,84.0,13.0
1,2,27.0,1,0,13.8583,2,0,0,1,0,0,0,1,0,0,1,0,0,1,0,0,0,54.0,6.92915
0,1,31.0,0,0,50.4958,1,1,1,0,0,1,0,0,1,0,0,1,0,0,0,1,0,31.0,50.4958
0,3,29.69911764705882,0,0,9.5,1,1,0,0,0,1,0,0,1,0,1,0,0,1,0,0,0,89.09735294117647,9.5
1,3,4.0,1,1,11.1333,3,0,0,0,0,1,0,0,1,1,0,0,0,1,0,0,0,12.0,3.7111
0,3,26.0,0,0,7.8958,1,1,0,0,0,1,0,0,1,0,1,0,0,1,0,0,0,78.0,7.8958
1,1,47.0,1,1,52.5542,3,0,1,0,0,1,0,1,0,0,0,1,0,0,0,1,0,47.0,17.518066666666666
0,1,33.0,0,0,5.0,1,1,3,0,0,1,0,0,1,0,0,1,0,1,0,0,0,33.0,5.0
0,3,47.0,0,0,9.0,1,1,0,0,0,1,0,0,1,0,0,1,0,1,0,0,0,141.0,9.0
1,2,28.0,1,0,24.0,2,0,0,1,0,0,0,1,0,0,1,0,0,0,1,0,0,56.0,12.0
1,3,15.0,0,0,7.225,1,1,0,1,0,0,0,1,0,1,0,0,0,1,0,0,0,45.0,7.225
0,3,20.0,0,0,9.8458,1,1,0,0,0,1,0,0,1,0,1,0,0,1,0,0,0,60.0,9.8458
0,3,19.0,0,0,7.8958,1,1,0,0,0,1,0,0,1,0,1,0,0,1,0,0,0,57.0,7.8958
0,3,29.69911764705882,0,0,7.8958,1,1,0,0,0,1,0,0,1,0,1,0,0,1,0,0,0,89.09735294117647,7.8958
1,1,56.0,0,1,83.1583,2,0,1,1,0,0,0,1,0,0,0,0,1,0,0,1,0,56.0,41.57915
1,2,25.0,0,1,26.0,2,0,0,0,0,1,0,1,0,0,1,0,0,0,1,0,0,50.0,13.0
0,3,33.0,0,0,7.8958,1,1,0,0,0,1,0,0,1,0,0,1,0,1,0,0,0,99.0,7.8958
0,3,22.0,0,0,10.5167,1,1,0,0,0,1,0,1,0,0,1,0,0,1,0,0,0,66.0,10.5167
0,2,28.0,0,0,10.5,1,1,0,0,0,1,0,0,1,0,1,0,0,1,0,0,0,56.0,10.5
0,3,25.0,0,0,7.05,1,1,0,0,0,1,0,0,1,0,1,0,0,1,0,0,0,75.0,7.05
0,3,39.0,0,5,29.125,6,0,0,0,1,0,0,1,0,0,0,1,0,0,1,0,0,117.0,4.854166666666667
0,2,27.0,0,0,13.0,1,1,0,0,0,1,0,0,1,0,1,0,0,1,0,0,0,54.0,13.0
1,1,19.0,0,0,30.0,1,1,1,0,0,1,0,1,0,0,1,0,0,0,1,0,0,19.0,30.0
0,3,29.69911764705882,1,2,23.45,4,0,0,0,0,1,0,1,0,0,1,0,0,0,1,0,0,89.09735294117647,5.8625
1,1,26.0,0,0,30.0,1,1,1,1,0,0,0,0,1,0,1,0,0,0,1,0,0,26.0,30.0
0,3,32.0,0,0,7.75,1,1,0,0,1,0,0,0,1,0,0,1,0,1,0,0,0,96.0,7.75
